slug,comparator_pmid,unit_source,label,drug,status,gap_class,closable_by,pmids,ncts,identity_basis,family_id,family_eligibility,declared_reason_code,aact_results_posted,aact_outcome_match,aact_param_type,aact_time_frame,aact_population,pmc_oa,table
balanced-crystalloids-vs-saline-mortality,30140441,JATS_TABLE,Semler (SMART trial),DRUG_MATCH,UNRESOLVED,UNRESOLVED_IDENTITY,,,,,,,,False,,,,,,Table 1
balanced-crystalloids-vs-saline-mortality,30140441,JATS_TABLE,Semler (SALT trial),DRUG_MATCH,DECLARED_ABSENT,MEASURE_MISMATCH,,27749094,NCT02345486,acronym_our_family:NCT02345486,NCT02345486,UNKNOWN,ENGINE_CANNOT_CONSUME,True,In-hospital Mortality,COUNT_OF_PARTICIPANTS,30 days,,,Table 1
balanced-crystalloids-vs-saline-mortality,30140441,JATS_TABLE,Young [10],AGENT_UNCONFIRMED,DECLARED_ABSENT,MEASURE_MISMATCH,,26444692,,comparator_ref_pmid,ACTRN12613001370796,UNKNOWN,ENGINE_CANNOT_CONSUME,False,,,,,,Table 2
balanced-crystalloids-vs-saline-mortality,30140441,JATS_TABLE,Verma [16],AGENT_UNCONFIRMED,DECLARED_ABSENT,GENUINELY_UNAVAILABLE_OPEN,NONE_OPEN_PROBED,27604335,,comparator_ref_pmid,SYN-ED893FC105C9,UNKNOWN,OUTCOME_NOT_IN_SOURCE,False,,,,,,Table 2
balanced-crystalloids-vs-saline-mortality,30140441,JATS_TABLE,Semler [15],OTHER_AGENT,DECLARED_ABSENT,MEASURE_MISMATCH,,21705897;23073953;24638143;24674927;27716310;28302179;29485925;30075798;31454263;33196806;33546622;35443809,NCT02444988;NCT02547779;NCT04507672,comparator_ref_pmid,NCT02444988,UNKNOWN,ENGINE_CANNOT_CONSUME,True,30-day In-hospital Mortality,COUNT_OF_PARTICIPANTS,30 days after enrollment censored at hospital discharge,,PMC5053142;PMC5356286;PMC6091052;PMC7670314;PMC7863046,Table 2
balanced-crystalloids-vs-saline-mortality,30140441,JATS_TABLE,Semler [11],OTHER_AGENT,DECLARED_ABSENT,MEASURE_MISMATCH,,27749094,NCT02345486,comparator_ref_pmid,NCT02345486,UNKNOWN,ENGINE_CANNOT_CONSUME,True,In-hospital Mortality,COUNT_OF_PARTICIPANTS,30 days,,,Table 2
balanced-crystalloids-vs-saline-mortality,30140441,JATS_TABLE,Young [17],DRUG_MATCH,DECLARED_ABSENT,GENUINELY_UNAVAILABLE_OPEN,NONE_OPEN_PROBED,23732264,NCT01270854,comparator_ref_pmid,NCT01270854,UNKNOWN,OUTCOME_NOT_IN_SOURCE,False,,,,,,Table 2
balanced-crystalloids-vs-saline-mortality,30140441,JATS_TABLE,Ratanarat [18],AGENT_UNCONFIRMED,UNRESOLVED,UNRESOLVED_IDENTITY,,,,,,,,False,,,,,,Table 2
colchicine-postop-af,36050741,JATS_TABLE,Bessissow [17],AGENT_UNCONFIRMED,IDENTIFIED_NOT_POOLED,SCREEN_OR_ELIGIBILITY,UNPAYWALL_OA_COPY,29237033,,comparator_ref_pmid,NCT03310125,INELIGIBLE,,False,,,,,,Table 1
colchicine-postop-af,36050741,JATS_TABLE,Deftereos [15],DRUG_MATCH,POOLED,POOLED,,16186437;23040570;24508207;25172965;26228647;32081221;32553209;32720823;33270311,NCT04906720;NCT06731595,comparator_ref_pmid,NCT01552187,ELIGIBLE,,False,,,,,,Table 1
colchicine-postop-af,36050741,JATS_TABLE,Deftereos [16],DRUG_MATCH,POOLED,POOLED,,16186437;23040570;24508207;25172965;26228647;32081221;32553209;32720823;33270311,NCT04906720;NCT06731595,comparator_ref_pmid,NCT01552187,ELIGIBLE,,False,,,,,,Table 1
colchicine-postop-af,36050741,JATS_TABLE,Imazio [19],DRUG_MATCH,DECLARED_ABSENT,ACQUISITION,PMC_OA_FULLTEXT,20805112;21884871;22090167;27378573;36050741,NCT00128427;NCT07611019,comparator_ref_pmid,NCT00128427,UNKNOWN,SOURCE_NOT_RETRIEVED,False,,,,,PMC9438305,Table 1
colchicine-postop-af,36050741,JATS_TABLE,Imazio [18],DRUG_MATCH,POOLED,POOLED,,16186437;23040570;23816016;24508207;25172965;26228647;32081221;32553209;32720823;33270311,NCT01552187;NCT04906720;NCT06731595,comparator_ref_pmid,NCT01552187,ELIGIBLE,,False,,,,,,Table 1
colchicine-postop-af,36050741,JATS_TABLE,Sarzaeem [23],AGENT_UNCONFIRMED,UNRESOLVED,UNRESOLVED_IDENTITY,,,,,,,,False,,,,,,Table 1
colchicine-postop-af,36050741,JATS_TABLE,Tabbalat [22],DRUG_MATCH,IDENTIFIED_NOT_POOLED,SCREEN_OR_ELIGIBILITY,AACT_RESULTS,27502857,NCT03021343,comparator_ref_pmid,NCT03021343,UNKNOWN,,True,The Number of Participants With Atrial Fibrillation,COUNT_OF_PARTICIPANTS,"From date of randomization until the date of discharge, assessed up to 2 weeks",,,Table 1
colchicine-postop-af,36050741,JATS_TABLE,Tabbalat [21],DRUG_MATCH,POOLED,POOLED,,16186437;23040570;24508207;25172965;26228647;32081221;32553209;32720823;33270311,NCT03015831;NCT04906720;NCT06731595,comparator_ref_pmid,NCT01552187,ELIGIBLE,,False,,,,,,Table 1
colchicine-postop-af,36050741,JATS_TABLE,Zarpelon [20],AGENT_UNCONFIRMED,IDENTIFIED_NOT_POOLED,SCREEN_OR_ELIGIBILITY,PMC_OA_FULLTEXT,27223641,,comparator_ref_pmid,SYN-26E29E7237F6,UNKNOWN,,False,,,,,PMC4976950,Table 1
colchicine-recurrent-pericarditis,22442198,MODEL_PROPOSAL_GATED,Finkelstein Y et al,DRUG_MATCH,UNRESOLVED,UNRESOLVED_IDENTITY,,,,,,,,False,,,,,,proposal:mc-2aa260d8a1b9fcc1439e761d1f4d2d67
colchicine-recurrent-pericarditis,22442198,MODEL_PROPOSAL_GATED,COPE study,DRUG_MATCH,UNRESOLVED,UNRESOLVED_IDENTITY,,,,,,,,False,,,,,,proposal:mc-2aa260d8a1b9fcc1439e761d1f4d2d67
colchicine-recurrent-pericarditis,22442198,MODEL_PROPOSAL_GATED,CORE study,DRUG_MATCH,UNRESOLVED,UNRESOLVED_IDENTITY,,,,,,,,False,,,,,,proposal:mc-2aa260d8a1b9fcc1439e761d1f4d2d67
colchicine-recurrent-pericarditis,22442198,MODEL_PROPOSAL_GATED,COPPS study,DRUG_MATCH,UNRESOLVED,UNRESOLVED_IDENTITY,,,,,,,,False,,,,,,proposal:mc-2aa260d8a1b9fcc1439e761d1f4d2d67
colchicine-recurrent-pericarditis,22442198,MODEL_PROPOSAL_GATED,CORP study,DRUG_MATCH,POOLED,POOLED,,21873705,NCT00128414,acronym_aact:CORP,NCT00128414,ELIGIBLE,,False,,,,,,proposal:mc-2aa260d8a1b9fcc1439e761d1f4d2d67
colchicine-secondary-cv-prevention,36176989,JATS_TABLE,O’Keefe et al. (24),AGENT_UNCONFIRMED,DECLARED_ABSENT,ACQUISITION,UNPAYWALL_OA_COPY,1593057,,comparator_ref_pmid,SYN-D85A0BBDE567,UNKNOWN,OUTCOME_NOT_IN_SOURCE,False,,,,,,TABLE 1
colchicine-secondary-cv-prevention,36176989,JATS_TABLE,Raju et al. (17),AGENT_UNCONFIRMED,IDENTIFIED_NOT_POOLED,SCREEN_OR_ELIGIBILITY,PUBMED_ABSTRACT_OUTCOME,21918905,,comparator_ref_pmid,SYN-A88E3E11687D,UNKNOWN,,False,,,,,,TABLE 1
colchicine-secondary-cv-prevention,36176989,JATS_TABLE,Nidorf et al. (13),AGENT_UNCONFIRMED,IDENTIFIED_NOT_POOLED,SCREEN_OR_ELIGIBILITY,UNPAYWALL_OA_COPY,23265346,,comparator_ref_pmid,SYN-E8288D37BE1B,UNKNOWN,,False,,,,,,TABLE 1
colchicine-secondary-cv-prevention,36176989,JATS_TABLE,Deftereos et al. (25),AGENT_UNCONFIRMED,DECLARED_ABSENT,ACQUISITION,UNPAYWALL_OA_COPY,23500260,,comparator_ref_pmid,SYN-C342236445A3,UNKNOWN,OUTCOME_NOT_IN_SOURCE,False,,,,,,TABLE 1
colchicine-secondary-cv-prevention,36176989,JATS_TABLE,Giannopoulos et al. (18),DRUG_MATCH,IDENTIFIED_NOT_POOLED,SCREEN_OR_ELIGIBILITY,PUBMED_ABSTRACT_OUTCOME,25784519,NCT02122484,comparator_ref_pmid,NCT02122484,INELIGIBLE,,False,,,,,,TABLE 1
colchicine-secondary-cv-prevention,36176989,JATS_TABLE,Deftereos et al. (19),DRUG_MATCH,DECLARED_ABSENT,ACQUISITION,UNPAYWALL_OA_COPY,26265659,NCT01936285,comparator_ref_pmid,NCT01936285,ELIGIBLE,OUTCOME_NOT_IN_SOURCE,False,,,,,,TABLE 1
colchicine-secondary-cv-prevention,36176989,JATS_TABLE,Zarpelon et al. (20),AGENT_UNCONFIRMED,IDENTIFIED_NOT_POOLED,SCREEN_OR_ELIGIBILITY,PMC_OA_FULLTEXT,27223641,,comparator_ref_pmid,SYN-26E29E7237F6,UNKNOWN,,False,,,,,PMC4976950,TABLE 1
colchicine-secondary-cv-prevention,36176989,JATS_TABLE,Akodad et al. (15),DRUG_MATCH,IDENTIFIED_NOT_POOLED,SCREEN_OR_ELIGIBILITY,UNPAYWALL_OA_COPY,28065445,,comparator_ref_pmid,SYN-4FBF04DF23A1,UNKNOWN,,False,,,,,,TABLE 1
colchicine-secondary-cv-prevention,36176989,JATS_TABLE,Hennessy et al. (23),AGENT_UNCONFIRMED,DECLARED_ABSENT,ACQUISITION,UNPAYWALL_OA_COPY,31284074,,comparator_ref_pmid,SYN-0F3C5BE6EA20,UNKNOWN,OUTCOME_NOT_IN_SOURCE,False,,,,,,TABLE 1
colchicine-secondary-cv-prevention,36176989,JATS_TABLE,Mewton et al. (26),DRUG_MATCH,POOLED,POOLED,,22895665;29352570;30165617;31733140;32865380;34420373;34777579,NCT03156816;NCT07143136,comparator_ref_pmid,ACTRN12614000093684,UNKNOWN,,False,,,,,,TABLE 1
colchicine-secondary-cv-prevention,36176989,JATS_TABLE,Tardif et al. (8),DRUG_MATCH,POOLED,POOLED,,20373128;22895665;29352570;30165617;31733140;32227755;32295417;32860034;32865380;33744748;34003667;34420373;34777579;35881907,NCT02551094;NCT05739929;NCT07143136,comparator_ref_pmid,ACTRN12614000093684,UNKNOWN,,True,"First Event of Cardiovascular Death, Resuscitated Cardiac Arrest, Acute Myocardial Infarction, Stroke, or Urgent Hospitalization for Angina Requiring Coronary Revascularization",COUNT_OF_PARTICIPANTS,"From randomization to occurence of first event, assessed up to 3.5 years",,,TABLE 1
colchicine-secondary-cv-prevention,36176989,JATS_TABLE,Tong et al. (22),AGENT_UNCONFIRMED,DECLARED_ABSENT,EXTRACTION_FROM_TABLE,UNPAYWALL_OA_COPY,32862667,,comparator_ref_pmid,ACTRN12615000861550,UNKNOWN,KNOWN_REPORTED_NOT_YET_EXTRACTED,False,,,,,,TABLE 1
colchicine-secondary-cv-prevention,36176989,JATS_TABLE,Shah et al. (16),DRUG_MATCH,POOLED,POOLED,,20373128;31733140;32227755;32295417;32865380;33744748;34003667;35881907;39344637,NCT01709981;NCT02594111;NCT05739929,comparator_ref_pmid,ACTRN12614000093684,UNKNOWN,,True,Number of Participants With Peri-procedural Myocardial Infarction (MI),COUNT_OF_PARTICIPANTS,24 hours,"Although 714 patients had baseline measure, were randomized to colchicine or placebo, and underwent coronary angiography, but of these, 400 patients went on to ",,TABLE 1
colchicine-secondary-cv-prevention,36176989,JATS_TABLE,Nidorf et al. (7),DRUG_MATCH,POOLED,POOLED,,20373128;22895665;29352570;30165617;31733140;32227755;32295417;32865380;33744748;34003667;34420373;34777579;35881907;39211951,NCT05739929;NCT06604611;NCT07143136,comparator_ref_pmid,ACTRN12614000093684,UNKNOWN,,False,,,,,,TABLE 1
colchicine-secondary-cv-prevention,36176989,JATS_TABLE,Akrami et al. (12),AGENT_UNCONFIRMED,DECLARED_ABSENT,EXTRACTION_FROM_TABLE,PMC_OA_FULLTEXT,34876021,,comparator_ref_pmid,SYN-981B057CB68A,UNKNOWN,KNOWN_REPORTED_NOT_YET_EXTRACTED,False,,,,,PMC8650300,TABLE 1
corticosteroids-cap-mortality,38128217,REFERENCE_SEED,Hydrocortisone in Severe Community-Acquired Pneumonia.,DRUG_MATCH,POOLED,POOLED,,32876689;36942789;37585638,NCT02517489,comparator_ref_pmid,NCT02517489,ELIGIBLE,,False,,,,,,reference_seed
corticosteroids-cap-mortality,38128217,REFERENCE_SEED,Hydrocortisone infusion for severe community-acquired pneumonia: a preliminary randomized study.,DRUG_MATCH,DECLARED_ABSENT,GENUINELY_UNAVAILABLE_OPEN,NONE_OPEN_PROBED,15557131,,comparator_ref_pmid,SYN-E0554DE17447,UNKNOWN,OUTCOME_NOT_IN_SOURCE,False,,,,,,reference_seed
corticosteroids-cap-mortality,38128217,REFERENCE_SEED,Effect of corticosteroids on treatment failure among hospitalized patients with severe community-acquired pneumonia and high inflammatory response: a randomized,DRUG_MATCH,POOLED,POOLED,,25688779;28617807,NCT00908713,comparator_ref_pmid,NCT00908713,ELIGIBLE,,False,,,,,,reference_seed
corticosteroids-cap-mortality,38128217,REFERENCE_SEED,Hydrocortisone and tumor necrosis factor in severe community-acquired pneumonia. A randomized controlled study.,DRUG_MATCH,DECLARED_ABSENT,GENUINELY_UNAVAILABLE_OPEN,NONE_OPEN_PROBED,8339624,,comparator_ref_pmid,SYN-80B7890725D5,UNKNOWN,OUTCOME_NOT_IN_SOURCE,False,,,,,,reference_seed
corticosteroids-cap-mortality,38128217,REFERENCE_SEED,Low-dose methylprednisolone treatment in critically ill patients with severe community-acquired pneumonia.,DRUG_MATCH,DECLARED_ABSENT,MEASURE_MISMATCH,,35723686,NCT01283009,comparator_ref_pmid,NCT01283009,UNKNOWN,EFFECT_PRESENT_ESTIMAND_CLASS_MISMATCH,True,,,,,PMC9208259,reference_seed
corticosteroids-cap-mortality,38128217,REFERENCE_SEED,Ampicillin dosage and use of prednisolone in treatment of pneumonia: co-operative controlled trial.,DRUG_MATCH,NOT_IDENTIFIED,IDENTIFICATION,UNPAYWALL_OA_COPY,4404939,,comparator_ref_pmid,,,,False,,,,,,reference_seed
corticosteroids-cap-mortality,38128217,REFERENCE_SEED,Efficacy of corticosteroids in community-acquired pneumonia: a randomized double-blinded clinical trial.,DRUG_MATCH,NOT_IDENTIFIED,IDENTIFICATION,PMC_OA_FULLTEXT,20133929;27317257,NCT00170196,comparator_ref_pmid,,,,False,,,,,PMC4912822,reference_seed
corticosteroids-cap-mortality,38128217,REFERENCE_SEED,"Dexamethasone and length of hospital stay in patients with community-acquired pneumonia: a randomised, double-blind, placebo-controlled trial.",DRUG_MATCH,DECLARED_ABSENT,ACQUISITION,PMC_OA_FULLTEXT,21636122;22942205;27317257,NCT00471640,comparator_ref_pmid,NCT00471640,UNKNOWN,OUTCOME_NOT_IN_SOURCE,False,,,,,PMC4912822,reference_seed
corticosteroids-cap-mortality,38128217,REFERENCE_SEED,Efficacy of corticosteroids in the treatment of community-acquired pneumonia requiring hospitalization.,DRUG_MATCH,NOT_IDENTIFIED,IDENTIFICATION,NONE_OPEN_PROBED,17710485,,comparator_ref_pmid,,,,False,,,,,,reference_seed
corticosteroids-cap-mortality,38128217,REFERENCE_SEED,"Adjunct prednisone therapy for patients with community-acquired pneumonia: a multicentre, double-blind, randomised, placebo-controlled trial.",DRUG_MATCH,DECLARED_ABSENT,ACQUISITION,PMC_OA_FULLTEXT,24974155;25608756;27471201;27614658;30485501;31340056;31952985;33980941;35322019;38082273,NCT00973154,comparator_ref_pmid,NCT00973154,UNKNOWN,OUTCOME_NOT_IN_SOURCE,False,,,,,PMC4083867;PMC8114908;PMC8943130;PMC10712075,reference_seed
corticosteroids-cap-mortality,38128217,REFERENCE_SEED,Dexamethasone in Hospitalized Patients with Covid-19.,DRUG_MATCH,IDENTIFIED_NOT_POOLED,SCREEN_OR_ELIGIBILITY,PMC_OA_FULLTEXT,12867568;15494274;18565970;19218475;20421389;21249305;21752960;22263004;22870441;23620378;23698397;24515444;24819773;25720466;26321103;27433815;27449641;29161116;29772254;30097460;30157400;30179381;30774444;30880061;31073924;31986264;32007143;32031570;32043983;32105632;32109013;32122468;32125452;32139372;32143990;32167524;32171076;32171390;32191587;32192578;32217705;32217835;32222812;32256705;32271369;32302401;32318777;32346093;32354685;32362390;32376392;32376613;32423584;32427279;32445440;32487139;32500199;32534337;32570995;32581816;32585016;32612617;32647915;32648899;32678530;32800858;32821939;33031652;33031764;33129421;33231615;33264556;33268335;33306283;33332779;33394942;33397463;33545096;33649297;33760094;33933206;33969237;33990684;34000257;34013969;34133856;34192610;34373622;34473343;34632567;34658014;34672950;34800427;35151397;35695334;35713300;35908569;36109825;36522698;36734509;37060915;37162745;37489818;37865101;38272046;38296965;38951929;39086948;40036152;40383127;40886716;7695277;8147933;9734679,NCT04381936;NCT04540926;NCT04836780;NCT04970719;NCT05226754,comparator_ref_pmid,NCT04381936,UNKNOWN,,False,,,,,PMC7108318;PMC2867274;PMC3749523;PMC3712306;PMC4018253;PMC4369385;PMC4957909;PMC7113667;PMC6083439;PMC6362962;PMC6509099;PMC7159299;PMC7135076;PMC7134694;PMC7102538;PMC7092819;PMC7159292;PMC7080116;PMC7126544;PMC7270627;PMC7118515;PMC7233482;PMC7270045;PMC7101866;PMC7105343;PMC7184473;PMC7161085;PMC7224096;PMC7187672;PMC7160056;PMC7118652;PMC7196557;PMC7318051;PMC7190303;PMC7314133;PMC7262788;PMC7265662;PMC7271136;PMC7263256;PMC7291833;PMC7308649;PMC7347402;PMC7383595;PMC7422797;PMC7556338;PMC7535623;PMC7598750;PMC7684031;PMC7727327;PMC7745180;PMC7781101;PMC7780210;PMC7884931;PMC7919254;PMC7991975;PMC8084355;PMC8088409;PMC8119232;PMC8121538;PMC8220898;PMC8137376;PMC8351223;PMC8523117;PMC8598213;PMC8830904;PMC9333998;PMC9479245;PMC9753019;PMC10156147;PMC10957483;PMC10831058;PMC11218071;PMC11290468;PMC11872607;PMC7618993;PMC7618994,reference_seed
corticosteroids-covid19-mortality,32876694,REFERENCE_SEED,Dexamethasone in Hospitalized Patients with Covid-19.,DRUG_MATCH,POOLED,POOLED,,12867568;15494274;18565970;19218475;20421389;21249305;21752960;22263004;22870441;23620378;23698397;24515444;24819773;25720466;26321103;27433815;27449641;29161116;29772254;30097460;30157400;30179381;30774444;30880061;31073924;31986264;32007143;32031570;32043983;32105632;32109013;32122468;32125452;32139372;32143990;32167524;32171076;32171390;32191587;32192578;32217705;32217835;32222812;32256705;32271369;32302401;32318777;32346093;32354685;32362390;32376392;32376613;32423584;32427279;32445440;32487139;32500199;32534337;32570995;32581816;32585016;32612617;32647915;32648899;32678530;32800858;32821939;33031652;33031764;33129421;33231615;33264556;33268335;33306283;33332779;33394942;33397463;33545096;33649297;33760094;33933206;33969237;33990684;34000257;34013969;34133856;34192610;34373622;34473343;34632567;34658014;34672950;34800427;35151397;35695334;35713300;35908569;36109825;36522698;36734509;37060915;37162745;37489818;37865101;38272046;38296965;38951929;39086948;40036152;40383127;40886716;7695277;8147933;9734679,NCT04381936;NCT04540926;NCT04836780;NCT04970719;NCT05226754,comparator_ref_pmid,NCT04381936,UNKNOWN,,False,,,,,PMC7108318;PMC2867274;PMC3749523;PMC3712306;PMC4018253;PMC4369385;PMC4957909;PMC7113667;PMC6083439;PMC6362962;PMC6509099;PMC7159299;PMC7135076;PMC7134694;PMC7102538;PMC7092819;PMC7159292;PMC7080116;PMC7126544;PMC7270627;PMC7118515;PMC7233482;PMC7270045;PMC7101866;PMC7105343;PMC7184473;PMC7161085;PMC7224096;PMC7187672;PMC7160056;PMC7118652;PMC7196557;PMC7318051;PMC7190303;PMC7314133;PMC7262788;PMC7265662;PMC7271136;PMC7263256;PMC7291833;PMC7308649;PMC7347402;PMC7383595;PMC7422797;PMC7556338;PMC7535623;PMC7598750;PMC7684031;PMC7727327;PMC7745180;PMC7781101;PMC7780210;PMC7884931;PMC7919254;PMC7991975;PMC8084355;PMC8088409;PMC8119232;PMC8121538;PMC8220898;PMC8137376;PMC8351223;PMC8523117;PMC8598213;PMC8830904;PMC9333998;PMC9479245;PMC9753019;PMC10156147;PMC10957483;PMC10831058;PMC11218071;PMC11290468;PMC11872607;PMC7618993;PMC7618994,reference_seed
corticosteroids-covid19-mortality,32876694,REFERENCE_SEED,Effect of Dexamethasone on Days Alive and Ventilator-Free in Patients With Moderate or Severe Acute Respiratory Distress Syndrome and COVID-19: The CoDEX Random,DRUG_MATCH,DECLARED_ABSENT,ACQUISITION,UNPAYWALL_OA_COPY,32876695,NCT04327401,comparator_ref_pmid,NCT04327401,UNKNOWN,OUTCOME_NOT_IN_SOURCE,False,,,,,,reference_seed
corticosteroids-covid19-mortality,32876694,REFERENCE_SEED,Effect of Hydrocortisone on 21-Day Mortality or Respiratory Support Among Critically Ill Patients With COVID-19: A Randomized Clinical Trial.,DRUG_MATCH,DECLARED_ABSENT,ACQUISITION,UNPAYWALL_OA_COPY,32876689;36942789;37585638,NCT02517489,comparator_ref_pmid,NCT02517489,UNKNOWN,OUTCOME_NOT_IN_SOURCE,False,,,,,,reference_seed
corticosteroids-covid19-mortality,32876694,REFERENCE_SEED,Effect of Hydrocortisone on Mortality and Organ Support in Patients With Severe COVID-19: The REMAP-CAP COVID-19 Corticosteroid Domain Randomized Clinical Trial,DRUG_MATCH,DECLARED_ABSENT,ACQUISITION,PMC_OA_FULLTEXT,32267771;32876697;33394942;33509275;33631065;34251506;34351721;34351722;34473343;34606578;35315874;36942550;36967714;37039790;37489818;37877585;37888913;40261382;40360262,NCT02735707,comparator_ref_pmid,NCT02735707,INELIGIBLE,OUTCOME_NOT_IN_SOURCE,False,,,,,PMC7328186;PMC7841377;PMC8274471;PMC8362594;PMC8362592;PMC10420400;PMC10755839;PMC12055926;PMC12322455,reference_seed
corticosteroids-covid19-mortality,32876694,REFERENCE_SEED,"Methylprednisolone as Adjunctive Therapy for Patients Hospitalized With Coronavirus Disease 2019 (COVID-19; Metcovid): A Randomized, Double-blind, Phase IIb, Pl",DRUG_MATCH,DECLARED_ABSENT,ACQUISITION,PMC_OA_FULLTEXT,32785710;34917633,NCT04343729,comparator_ref_pmid,NCT04343729,UNKNOWN,OUTCOME_NOT_IN_SOURCE,False,,,,,PMC7454320;PMC8669506,reference_seed
dapagliflozin-hfpef-hosp,36914068,MODEL_PROPOSAL_GATED,SOLOIST-WHF,AGENT_UNCONFIRMED,UNRESOLVED,UNRESOLVED_IDENTITY,,,,,,,,False,,,,,,proposal:mc-c630a88998995b6f1719c14b12a56c91
dapagliflozin-hfpef-hosp,36914068,MODEL_PROPOSAL_GATED,SCORED,AGENT_UNCONFIRMED,UNRESOLVED,UNRESOLVED_IDENTITY,,,,,,,,False,,,,,,proposal:mc-c630a88998995b6f1719c14b12a56c91
dapagliflozin-hfpef-hosp,36914068,MODEL_PROPOSAL_GATED,DECLARE-TIMI 58,DRUG_MATCH,NOT_IDENTIFIED,IDENTIFICATION,PMC_OA_FULLTEXT,27009868;27408945;29693360;29898853;30415602;30882238;30882239;31196815;31474116;31843945;31983236;32795086;33611623;33653824;33851953;34129237;34233928;34427295;35015847;35510542;35857296;35997319;36857035;36878239;38770818;40952180,NCT01730534,acronym_aact:DECLARE-TIMI 58,,,,True,,,,,PMC8364727;PMC8385472;PMC9862307;PMC12719846,proposal:mc-c630a88998995b6f1719c14b12a56c91
dapagliflozin-hfpef-hosp,36914068,MODEL_PROPOSAL_GATED,VERTIS-CV,AGENT_UNCONFIRMED,UNRESOLVED,UNRESOLVED_IDENTITY,,,,,,,,False,,,,,,proposal:mc-c630a88998995b6f1719c14b12a56c91
dapagliflozin-hfpef-hosp,36914068,MODEL_PROPOSAL_GATED,EMPEROR-Preserved,AGENT_UNCONFIRMED,UNRESOLVED,UNRESOLVED_IDENTITY,,,,,,,,False,,,,,,proposal:mc-c630a88998995b6f1719c14b12a56c91
dapagliflozin-hfpef-hosp,36914068,MODEL_PROPOSAL_GATED,DELIVER,DRUG_MATCH,DECLARED_ABSENT,EXTRACTION_FROM_TABLE,PMC_OA_FULLTEXT,31081589;34693515;35241246;36027570;36029465;36029467;36041668;36041669;36041912;36100197;36114137;36189985;36190011;36326604;36372069;36522606;36526515;36599553;36811901;36876483;36881399;36889870;37099283;37208998;37210608;37211977;37212168;37220093;37220172;37220822;37226448;37294244;37632455;37634087;37634707;37767674;37771274;37830208;37886880;37952176;38265835;38320525;39745404;39909641;40047763;40834567;40892613;41170566,NCT03619213,acronym_aact:DELIVER,NCT03619213,ELIGIBLE,EXTRACTION_NOT_PERFORMED,True,,,,,PMC9815819;PMC9531084;PMC9531091;PMC9800271;PMC9947801;PMC10134044;PMC10200027;PMC10484057;PMC10290876;PMC10200275;PMC10664793;PMC10641768;PMC10809142;PMC12704667,proposal:mc-c630a88998995b6f1719c14b12a56c91
doac-vte-recurrence,24963045,REFERENCE_SEED,Dabigatran versus warfarin in the treatment of acute venous thromboembolism.,DRUG_MATCH,POOLED,POOLED,,19966341;24081972;24344086;27807306,NCT00291330,comparator_ref_pmid,NCT00291330,UNKNOWN,,True,,,,,,reference_seed
doac-vte-recurrence,24963045,REFERENCE_SEED,Treatment of acute venous thromboembolism with dabigatran or warfarin and pooled analysis.,DRUG_MATCH,POOLED,POOLED,,19966341;24081972;24344086;27807306,NCT00291330;NCT00680186,comparator_ref_pmid,NCT00291330,UNKNOWN,,True,,,,,,reference_seed
doac-vte-recurrence,24963045,REFERENCE_SEED,Edoxaban versus warfarin for the treatment of symptomatic venous thromboembolism.,DRUG_MATCH,POOLED,POOLED,,17635708;17635709;18664970;18840838;19078910;19718469;19817986;20124539;20694281;20860504;20971330;20971331;21832920;21861537;22032881;22082302;22315267;22449293;23425163;23808982;23991658;24472834;26179767;26332772;26867832;27476789;27570090;27836513;28219692;28317330;28689179;29248859;30770089;32000266;33007077;33247808;384248;40925065;41195787,NCT00986154;NCT04981327,comparator_ref_pmid,NCT00439777,UNKNOWN,,True,"Symptomatic Recurrent VTE, i.e., the Composite of DVT, Non-fatal PE, and Fatal PE",NUMBER,12 months from time of randomization,(mITT) modified Intent To Treat Analysis Set,,reference_seed
doac-vte-recurrence,24963045,REFERENCE_SEED,Oral apixaban for the treatment of acute venous thromboembolism.,DRUG_MATCH,POOLED,POOLED,,17635708;17635709;18664970;18840838;19078910;19718469;19817986;20124539;20694281;20860504;20971330;20971331;21832920;22032881;22082302;22315267;22449293;23425163;23808982;23991658;24472834;26332772;26627879;26867832;27836513;28219692;28317330;30650446;30770089;32000266;33007077;33247808;33890242;35570249;384248,NCT00643201;NCT04981327,comparator_ref_pmid,NCT00439777,UNKNOWN,,True,"Incidence of Adjudicated Composite of Symptomatic, Recurrent Venous Thromboembolism (VTE) or VTE-Related Death During 6 Months of Treatment",NUMBER,Day 1 to Week 24 + 2 Days or 355 days (Discontinued Early),"All randomized participants with a non-missing primary endpoint (n/N: 59/2609; 71/2635, in apixaban, enoxaparin/warfarin, respectively). Intent-to-treat populat",,reference_seed
doac-vte-recurrence,24963045,REFERENCE_SEED,Oral rivaroxaban for symptomatic venous thromboembolism.,DRUG_MATCH,POOLED,POOLED,,21128814;22371186;23013426;23829521;23846019;24053656;24341332;24432872;25698905;25750589;27030066;27262225;27535349;30121419;32737096;38844941;40163217,NCT00439725;NCT00440193,comparator_ref_pmid,SYN-968E8C7D0A82,UNKNOWN,,True,Percentage of Participants With Symptomatic Recurrent Venous Thromboembolism [VTE] (i.e. the Composite of Recurrent Deep Vein Thrombosis [DVT] or Fatal or Non-fatal Pulmonary Embolism [PE]) Until the Intended End of Study Treatment,NUMBER,6- or 12-month study treatment period,The intention-to-treat (ITT) population consisted of all randomized participants with valid informed consent. Participants were analyzed according to the treatm,,reference_seed
doac-vte-recurrence,24963045,REFERENCE_SEED,Oral rivaroxaban for the treatment of symptomatic pulmonary embolism.,DRUG_MATCH,POOLED,POOLED,,17635708;17635709;18664970;18840838;19078910;19718469;19817986;20124539;20694281;20860504;20971330;20971331;21832920;22032881;22082302;22315267;22371186;22449293;23425163;23808982;23829521;23991658;24053656;24341332;24432872;24472834;25698905;25750589;26332772;26867832;27030066;27535349;27836513;28219692;28317330;30121419;30770089;32000266;33007077;33247808;384248;40163217,NCT00439777;NCT04981327,comparator_ref_pmid,NCT00439777,UNKNOWN,,True,Percentage of Participants With Symptomatic Recurrent Venous Thromboembolism [VTE] (i.e. the Composite of Recurrent Deep Vein Thrombosis [DVT] or Fatal or Non-fatal Pulmonary Embolism [PE]) Until the Intended End of Study Treatment,NUMBER,"3-, 6-, or 12-month study treatment period",The intention-to-treat (ITT) population consisted of all randomized participants with valid informed consent. Participants were analyzed according to the treatm,,reference_seed
doac-vte-recurrence,24963045,REFERENCE_SEED,Management and outcomes of major bleeding during treatment with dabigatran or warfarin.,DRUG_MATCH,POOLED,POOLED,,19376304;19717844;19966341;20801496;21059484;21147728;21200007;21576658;22084332;22215856;22374183;22700854;23027801;23103906;23271794;23425163;23467860;23743976;23770182;24016454;24076487;24081972;24323795;24344086;24359765;24794140;26065986;26093161;26678637;26818781;27056738;27496855;27569438;27807306;28213368;28520924;29069359;29653640;30012318;30651032;31046423;32385506;32984892;33292046;33741689;33757788;34358298;34411158;36990261,NCT00262600;NCT00291330;NCT00329238;NCT00558259;NCT00680186,comparator_ref_pmid,NCT00291330,UNKNOWN,,True,Composite of Recurrent VTE or VTE Death at 36 Months,NUMBER,36 months,FAS,,reference_seed
dpp4-mace-t2d,34754403,REFERENCE_SEED,Alogliptin after acute coronary syndrome in patients with type 2 diabetes.,DRUG_MATCH,DECLARED_ABSENT,ACQUISITION,AACT_RESULTS,21982652;23992602;25765696;27289121;28246236;28275958;29064626;29581078;29769203;29848776;30371278;31902327;32493335;34872085,NCT00968708,comparator_ref_pmid,NCT00968708,UNKNOWN,OUTCOME_NOT_IN_SOURCE,True,Percentage of Participants With Primary Major Adverse Cardiac Events (MACE),NUMBER,From randomization until the adjudication cut-off date of May 31 2013 (maximum time on study was 41 months).,Full analysis set (all randomized participants),PMC5380505;PMC5836896;PMC6015373;PMC6474950;PMC6988143;PMC7271537,reference_seed
dpp4-mace-t2d,34754403,REFERENCE_SEED,Saxagliptin and cardiovascular outcomes in patients with type 2 diabetes mellitus.,DRUG_MATCH,POOLED,POOLED,,22093196;23564755;23992601;25189213;25552421;25758769;26358285;26524706;27681000;27797925;28417296;29214305;31362530;31474116;33832610,NCT01107886,comparator_ref_pmid,NCT01107886,ELIGIBLE,,True,"Participants With Any Event From the Composite of Cardiovascular Death (CV Death), Non-fatal Myocardial Infarction (MI), or Non-fatal Ischaemic Stroke",NUMBER,Randomization (day 0) up to 2.9 years,Intention To Treat (ITT) analysis of randomized population. Events were adjudicated by the Clinical Event Adjudication Committee.,,reference_seed
dpp4-mace-t2d,34754403,REFERENCE_SEED,Effect of Sitagliptin on Cardiovascular Outcomes in Type 2 Diabetes.,DRUG_MATCH,DECLARED_ABSENT,MEASURE_MISMATCH,,24268212;25600421;26052984;27437883;27630212;27742728;28057693;28626088;28986504;29311155;29573215;31079973;31481069;31715435;31790905;32621557;34716214;36978066;38922488,NCT00790205,comparator_ref_pmid,NCT00790205,ELIGIBLE,EFFECT_PRESENT_ESTIMAND_CLASS_MISMATCH,True,Percentage of Participants With First Confirmed Cardiovascular (CV) Event of Major Adverse Cardiovascular Event (MACE) Plus (Per Protocol Population),NUMBER,Up to 5 years,Per protocol population included all randomized participants who received study medication except those participants who did not contribute at least 1 day of da,PMC5864139;PMC6719352;PMC10054031;PMC11344020,reference_seed
dpp4-mace-t2d,34754403,REFERENCE_SEED,"A randomized, placebo-controlled study of the cardiovascular safety of the once-weekly DPP-4 inhibitor omarigliptin in patients with type 2 diabetes mellitus.",DRUG_MATCH,POOLED,POOLED,,28893244,NCT01703208,comparator_ref_pmid,NCT01703208,UNKNOWN,,True,"Number of Participants With MACE-plus (Confirmed Cardiovascular [CV]-Related Death, Nonfatal Myocardial Infarction [MI], Nonfatal Stroke, or Hospitalization Due to Unstable Angina)",NUMBER,Up to 156 weeks,The analysis population included all randomized participants who took at least one dose of blinded study medication and were evaluated for MACE-plus events.,,reference_seed
dpp4-mace-t2d,34754403,REFERENCE_SEED,Effect of Linagliptin vs Placebo on Major Cardiovascular Events in Adults With Type 2 Diabetes and High Cardiovascular and Renal Risk: The CARMELINA Randomized ,DRUG_MATCH,POOLED,POOLED,,29540217;30418475;30586723;31399442;32444457;32723590;36116359;36700391;37449424;38170502,NCT01897532,comparator_ref_pmid,NCT01897532,UNKNOWN,,True,"Time to the First Occurrence of Any of the Following Adjudication-confirmed Components of the Primary Composite Endpoint 3-point Major Adverse Cardiovascular (CV) Events (3-point MACE): CV Death, Non-fatal Myocardial Infarction (MI) or Non-fatal Stroke.",NUMBER,From randomization to individual end of observation; up to 4.3 years,"Treated set (TS): All patients treated with at least one dose of trial medication. If no trial medication was taken at site during the visit, but the medication",,reference_seed
empagliflozin-hfpef-hosp,37773799,REFERENCE_SEED,Cardiovascular and Renal Outcomes with Empagliflozin in Heart Failure.,DRUG_MATCH,IDENTIFIED_NOT_POOLED,SCREEN_OR_ELIGIBILITY,PMC_OA_FULLTEXT,18599344;20980548;21398642;23537812;25424969;26378978;28605608;29311992;29485006;30093883;30132036;30415602;30520545;30689697;30874766;30935417;31081589;31431051;31535829;31970162;32613148;32847602;32865377;32877652;32970396;33081531;33095032;33175585;33186500;33420498;33447845;33736819;33736821;33832352;34184057;34423361;34447992;34459213;34555929;34556318;34556320;34861151;34861154;34957660;35331406;35379503;35687107;35711093;36017745;36129693;36565199;36881400;36889650;37621153;37715769;37942680;38037709;38439582;38558314;38770818;39217550;8443896;9725923;9789568,NCT03057977;NCT04780438;NCT05141552;NCT05424315;NCT05580510;NCT06706791,comparator_ref_pmid,NCT03057977,UNKNOWN,,True,,,,,PMC3647286;PMC4269649;PMC5742117;PMC6070601;PMC6444638;PMC6960132;PMC7315190;PMC7448518;PMC7834905;PMC7834910;PMC7834911;PMC7864599;PMC8014525;PMC7878007;PMC8126492;PMC8599078;PMC8599073;PMC8522627;PMC9303456;PMC9375711;PMC9769969;PMC9494272;PMC9973606;PMC10516173,reference_seed
empagliflozin-hfpef-hosp,37773799,REFERENCE_SEED,Empagliflozin in Heart Failure with a Preserved Ejection Fraction.,DRUG_MATCH,DECLARED_ABSENT,EXTRACTION_FROM_TABLE,PMC_OA_FULLTEXT,14744970;22357361;24621874;29496021;31081589;31535829;32222134;34449189;34693515;34779658;34790128;35331406;35603667;35670067;35687107;35762322;36017745;36027570;36098051;36129693;36478225;36614843;37223933;37621153;37942723;38037709;38158636;38439582;38558314;38770818;39046727;39895437;41493412,NCT03057951;NCT06612086;NCT06812546,comparator_ref_pmid,NCT03057951,UNKNOWN,EXTRACTION_NOT_PERFORMED,True,,,,,PMC8763045;PMC8591217;PMC9375711;PMC9422757;PMC9769969;PMC9528945;PMC9494272;PMC9890225;PMC9820989;PMC10209829;PMC10516173;PMC10834334,reference_seed
empagliflozin-hfpef-hosp,37773799,REFERENCE_SEED,Empagliflozin in Heart Failure: Diuretic and Cardiorenal Effects.,DRUG_MATCH,SCOPE_MISMATCH,SCOPE_MISMATCH,,32410463;38073038,NCT03027960,comparator_ref_pmid,,,,False,,,,,,reference_seed
esketamine-trd-madrs,42490943,JATS_TABLE,Trial A (2019) (19),DRUG_MATCH,POOLED,POOLED,,31109201;32367114;32860422;33128208;34235612;34288609;34293233;34510411;34973081;35022754;35441931;36273682;37019044;37158911;38557430;41245530,NCT02418585,comparator_ref_pmid,NCT02418585,ELIGIBLE,,True,Change From Baseline in Montgomery-Asberg Depression Rating Scale (MADRS) Total Score up to Day 28 in the Double-blind Induction Phase- Mixed-Effects Model Using Repeated Measures (MMRM) Analysis,MEAN,Baseline up to Day 28 of Double-blind Induction Phase,"Full analysis set (FAS) defined as all randomized participants who received at least 1 dose of intranasal study medication, 1 dose of oral antidepressant (AD) m",PMC7710914;PMC7894501;PMC8310483;PMC8921149;PMC9017766,Table 2
esketamine-trd-madrs,42490943,JATS_TABLE,Trial B (2019) (20),DRUG_MATCH,DECLARED_ABSENT,EXTRACTION_FROM_TABLE,AACT_RESULTS,31290965;32367114;32860422;33128208;34235612;34288609;34510411;34973081;35022754;36273682;37019044;38557430,NCT02417064,comparator_ref_pmid,NCT02417064,ELIGIBLE,KNOWN_REPORTED_NOT_YET_EXTRACTED,True,Change From Baseline in Montgomery-Asberg Depression Rating Scale (MADRS) Total Score up to Day 28 of Double- Blind Induction Phase- Mixed- Effects Model Using Repeated Measures (MMRM) Analysis,MEAN,Baseline up to Day 28 of Double-blind Induction Phase,Full analysis set (FAS): all randomized participants who received at least 1 dose of intranasal study medication and 1 dose of oral antidepressant medication du,PMC6822141;PMC7710914;PMC7894501;PMC8310483;PMC8921149;PMC9017766,Table 2
esketamine-trd-madrs,42490943,JATS_TABLE,Trial C (2023) (23),AGENT_UNCONFIRMED,POOLED,POOLED,,37025256,,comparator_ref_pmid,NCT03434041,UNKNOWN,,False,,,,,,Table 2
esketamine-trd-madrs,42490943,JATS_TABLE,Trial D (2020) (21),AGENT_UNCONFIRMED,IDENTIFIED_NOT_POOLED,SCREEN_OR_ELIGIBILITY,UNPAYWALL_OA_COPY,31734084,,comparator_ref_pmid,SYN-4A1947D11CC0,UNKNOWN,,False,,,,,,Table 2
esketamine-trd-madrs,42490943,JATS_TABLE,Trial E (2020) (25),DRUG_MATCH,SCOPE_MISMATCH,SCOPE_MISMATCH,,32270176;32316080;34750057;36149841;36525338;38025416;38025433;39428602;39435126,NCT02497287,comparator_ref_pmid,,,,True,Change From Baseline to Endpoint in Montgomery Asberg Depression Rating Scale (MADRS) Total Score During Induction (IND) Phase,MEAN,Baseline (IND) up to the Endpoint (last post-baseline assessment value during 4 weeks of IND phase),The full (IND) analysis set included all participants who received at least 1 dose of intranasal study medication or 1 dose of oral AD in open-label IND phase (,PMC7387766;PMC10032296;PMC10669145;PMC10669153;PMC11739757;PMC11491562,Table 2
esketamine-trd-madrs,42490943,JATS_TABLE,Trial F (2019) (22),DRUG_MATCH,SCOPE_MISMATCH,SCOPE_MISMATCH,,31166571;32860422;34235612;35022754;36149841;37558912;38557430;41674286,NCT02493868,comparator_ref_pmid,NCT02493868,UNKNOWN,,True,Change From Baseline in MADRS Total Score at Endpoint in Participants With Stable Remission (Maintenance Phase),MEAN,Baseline and Endpoint (Up to 92 Weeks),Full (stable remitters) analysis set included all randomized participants who were in stable remission at end of OP phase and received at least 1 dose of intran,PMC7894501;PMC8310483;PMC9017766;PMC10439056,Table 2
finerenone-ckd-t2d-renal,36742404,JATS_TABLE,Bakris et al. (15),DRUG_MATCH,DECLARED_ABSENT,ACQUISITION,AACT_RESULTS,26325557;31583611;33107592;33358451;36583355;38537621;40938666,NCT01874431,comparator_ref_pmid,NCT01874431,UNKNOWN,OUTCOME_NOT_IN_SOURCE,True,Change From Baseline to Day 90 in eGFR,LEAST_SQUARES_MEAN,Baseline and Day 90±2,Participants in SAF with valid data for this endpoint,PMC7051931;PMC9799031;PMC12890010,Table 1
finerenone-ckd-t2d-renal,36742404,JATS_TABLE,Bakris et al. (16),DRUG_MATCH,POOLED,POOLED,,23013602;25887073;27130705;30635226;31473020;31492486;33107592;33198491;33264825;33280027;33358451;33775708;34015478;34059333;34449181;34775784;34850173;34962526;35005312;35023547;35061867;36251465;36252131;36287567;36328655;36639130;36864892;36927680;37745646;37872654;38046911;38048573;38078592;38186886;38508632;38692445;39380152;40315020;40470996;40526444;40892478;41196655;41198855;41289823;41533467;41679125;41827014;42234437,NCT02540993;NCT05974566;NCT07351864;NCT07667517,comparator_ref_pmid,NCT02540993,ELIGIBLE,,True,"The First Occurrence of the Composite Endpoint of Onset of Kidney Failure, a Sustained Decrease of eGFR ≥40% From Baseline Over at Least 4 Weeks, or Renal Death",COUNT_OF_PARTICIPANTS,"From randomization up until the first occurrence of the primary renal composite endpoint, or censoring at the end of the study, with an average follow-up time of 32 months",Full analysis set,PMC4946749,Table 1
finerenone-ckd-t2d-renal,36742404,JATS_TABLE,Katayama et al. (17),AGENT_UNCONFIRMED,NOT_IDENTIFIED,IDENTIFICATION,UNPAYWALL_OA_COPY,28025025,,comparator_ref_pmid,,,,False,,,,,,Table 1
finerenone-ckd-t2d-renal,36742404,JATS_TABLE,Pitt et al. (18),DRUG_MATCH,POOLED,POOLED,,23013602;25887073;27130705;30635226;31473020;31492486;31665733;33264825;33280027;33358451;33775708;34059333;34449181;34775784;34962526;35023547;36251465;36287567;36328655;36639130;36864892;36927680;37745646;38046911;38048573;38078592;38186886;38508632;39380152;40021271;40315020;40470996;40892478;41289823;41533467;41679125;41827014;42234437,NCT02545049;NCT05974566;NCT07667517,comparator_ref_pmid,NCT02540993,ELIGIBLE,,True,"The First Occurrence of the Composite Endpoint of Onset of Kidney Failure, a Sustained Decrease of eGFR ≥40% From Baseline Over at Least 4 Weeks, or Renal Death.",COUNT_OF_PARTICIPANTS,"From randomization up until the first occurrence of the renal composite endpoint, or censoring at the end of the study, with an average study duration of 41 months.",,PMC4946749,Table 1
glp1-ra-mace-t2d,34526024,JATS_TABLE,ELIXA,DRUG_MATCH,DECLARED_ABSENT,ACQUISITION,AACT_RESULTS,23537041;26630143;28554908;29693361;30292589;30648112;32212368;33046070;35817031;36546588;39963952,NCT01147250,acronym_aact:ELIXA,NCT01147250,ELIGIBLE,OUTCOME_NOT_IN_SOURCE,True,"Time to First Occurence of Primary CV Event: CV Death, Non-Fatal MI, Non-Fatal Stroke or Hospitalization for Unstable Angina",NUMBER,From randomization up to the end of study (median follow-up of 25 months),Intent-to-treat (ITT) population defined as all randomized participants analyzed according to the treatment group allocated at randomization.,PMC3637243;PMC5669146;PMC6311850;PMC7552471,Table 1
glp1-ra-mace-t2d,34526024,JATS_TABLE,LEADER,DRUG_MATCH,POOLED,POOLED,,24176437;25275271;25656058;26855018;26864124;27274772;27295427;27320184;28476871;28854085;29279300;29627109;29693361;29760228;29898902;29903847;29947247;30072400;30260088;30354517;30392095;30508430;30566004;30566006;31282028;31399438;31721979;31959650;32132141;32164886;32366578;32372454;32643857;32647053;32744418;33504496;34704120;35332654;39963952;41198855,NCT01179048,acronym_aact:LEADER,NCT01179048,ELIGIBLE,,True,"Time From Randomisation to First Occurrence of Cardiovascular Death, Non-fatal Myocardial Infarction, or Non-fatal Stroke (a Composite Cardiovascular Outcome)",NUMBER,from randomisation (visit 3; month 0) to last contact (visit 16; up to month 60+30 days),All randomised subjects.,,Table 1
glp1-ra-mace-t2d,34526024,JATS_TABLE,SUSTAIN-6,DRUG_MATCH,POOLED,POOLED,,27633186;29178519;29693361;29907893;30615985;31167654;31769496;31903692;32227613;32372454;32643857;32744418;32998732;33606902;35332654;35484580;35582947;37620807;39520501;39963952,NCT01720446,acronym_aact:SUSTAIN-6,NCT01720446,ELIGIBLE,,True,"Time From Randomisation to First Occurrence of a MACE, Defined as Cardiovascular Death, Non-fatal Myocardial Infarction, or Non-fatal Stroke",NUMBER,Time from randomisation up to end of follow-up (scheduled at week 109),"Full analysis set included all the randomised subjects. As specified in the protocol, the two semaglutide dose arms (semaglutide 0.5 mg + semaglutide 1.0 mg) an",,Table 1
glp1-ra-mace-t2d,34526024,JATS_TABLE,EXSCEL,DRUG_MATCH,POOLED,POOLED,,22566747;26995376;28454792;28910237;29693361;30371301;31010875;31542942;31640705;31752517;31806653;31882409;32098501;34813910;35761271;38922488;39086032;39358806;39963952;41906117,NCT01144338,acronym_aact_title:EXSCEL,NCT01144338,ELIGIBLE,,True,Primary Efficacy Outcome MACE Events,COUNT_OF_PARTICIPANTS,Time to first event. Information collected during study period (anticipated to be up to 7.5 years).,ITT population: all patients consented and randomized in the study without a major GCP violation. ITT population is analyzed as randomized.,PMC11344020,Table 1
glp1-ra-mace-t2d,34526024,JATS_TABLE,HARMONY,DRUG_MATCH,UNRESOLVED,UNRESOLVED_IDENTITY,,,,,,,,False,,,,,,Table 1
glp1-ra-mace-t2d,34526024,JATS_TABLE,REWIND,DRUG_MATCH,POOLED,POOLED,,28573765;29693361;31189509;31189511;31924562;32562683;33239067;33537745;34153269;34563178;35043140;35446415;35546279;35996147;36723445;36897834;39963952;41988866,NCT01394952,acronym_aact:REWIND,NCT01394952,ELIGIBLE,,True,"Number of Participants Who Experienced an Event For Time, From Randomization to First Occurrence of Cardiovascular Death, Non-fatal Myocardial Infarction, or Non-fatal Stroke (a Composite Cardiovascular Outcome)",COUNT_OF_PARTICIPANTS,From randomization to first occurrence or death from any cause or study completion (Median Follow-Up of 5.4 Years),All randomized participants.,,Table 1
glp1-ra-mace-t2d,34526024,JATS_TABLE,PIONEER 6,DRUG_MATCH,POOLED,POOLED,,29263194;30284349;31185157;31903692;32267058;32998732;33606902;34277983;35373893;35484580;35582947;37620807;39520501;39963952,NCT02692716,acronym_aact:PIONEER 6,NCT02692716,ELIGIBLE,,True,"Time From Randomisation to First Occurrence of a Major Adverse Cardiovascular Event (MACE) Composite Endpoint Consisting of: Cardiovascular Death, Non-fatal Myocardial Infarction or Non-fatal Stroke",COUNT_OF_PARTICIPANTS,Maximum treatment duration is dependent on event rates and is estimated to be no longer than 19 months + 5 weeks of follow-up period.,Overall number of participants analyzed = full analysis set (FAS) which comprised all randomised participants.,,Table 1
glp1-ra-mace-t2d,34526024,JATS_TABLE,AMPLITUDE-O,DRUG_MATCH,POOLED,POOLED,,33026143;34215025;34775781;36802715;39963952,NCT03496298,acronym_aact:AMPLITUDE-O,NCT03496298,ELIGIBLE,,True,Time to First Occurrence of Major Adverse Cardiovascular Events (MACE): Event Rate Per 100 Participant-years for First Occurrence of Major Cardiovascular (CV) Event - Non-Inferiority Analysis,NUMBER,From Day 1 until the date of first adjudicated and confirmed occurrence of major CV event (maximum duration: up to 31.5 months),Analysis was performed on intent-to-treat (ITT) population. Data for this outcome measure (OM) was planned to be collected and analyzed for pooled population of,,Table 1
iv-iron-hfref-hosp,39727669,JATS_TABLE,HEART-FID [11],DRUG_MATCH,DECLARED_ABSENT,EXTRACTION_FROM_TABLE,UNPAYWALL_OA_COPY,34003690;37598795;37632463;38250799;39890013;41137844,NCT03037931,comparator_ref_pmid,NCT03037931,ELIGIBLE,COUNTS_PRESENT_NOT_CORROBORATED,True,,,,,,Table 1
iv-iron-hfref-hosp,39727669,JATS_TABLE,AFFIRM-AHF [10],DRUG_MATCH,DECLARED_ABSENT,MEASURE_MISMATCH,,31883356;33197395;37051919;37382961;37592272,NCT02937454,comparator_ref_pmid,NCT02937454,UNKNOWN,EFFECT_PRESENT_ESTIMAND_CLASS_MISMATCH,True,,,,,PMC10487376;PMC10564367;PMC10436432,Table 1
iv-iron-hfref-hosp,39727669,JATS_TABLE,FAIR-HF [20],DRUG_MATCH,DECLARED_ABSENT,ACQUISITION,PMC_OA_FULLTEXT,19875408;19920054;25639592;26028263;36578916,NCT00520780;NCT02998697,comparator_ref_pmid,NCT00520780,UNKNOWN,OUTCOME_NOT_IN_SOURCE,False,,,,,PMC2770581;PMC4671256;PMC9695150,Table 1
iv-iron-hfref-hosp,39727669,JATS_TABLE,CONFIRM-HF [2],DRUG_MATCH,POOLED,POOLED,,25176939,NCT01453608,comparator_ref_pmid,NCT01453608,ELIGIBLE,,False,,,,,,Table 1
iv-iron-hfref-hosp,39727669,JATS_TABLE,EFFECT-HF [21],DRUG_MATCH,DECLARED_ABSENT,ACQUISITION,PMC_OA_FULLTEXT,28701470,NCT01394562,comparator_ref_pmid,NCT01394562,UNKNOWN,OUTCOME_NOT_IN_SOURCE,False,,,,,PMC5642327,Table 1
melatonin-primary-insomnia-sol,23691095,JATS_TABLE,Wade AG [22],DRUG_MATCH,POOLED,POOLED,,20712869;21091391,NCT00397189,comparator_ref_pmid,NCT00397189,ELIGIBLE,,True,The Change From Baseline in Subjective Sleep Latency.,MEAN,Baseline and 3 weeks,Pre-planned analysis on ITT population age 65-80,,Table 1
melatonin-primary-insomnia-sol,23691095,JATS_TABLE,Kunz D [23],AGENT_UNCONFIRMED,NOT_IDENTIFIED,IDENTIFICATION,NONE_OPEN_PROBED,20561180,,comparator_ref_pmid,,,,False,,,,,,Table 1
melatonin-primary-insomnia-sol,23691095,JATS_TABLE,van Geijlswijk IM [24],AGENT_UNCONFIRMED,NOT_IDENTIFIED,IDENTIFICATION,PMC_OA_FULLTEXT,20668840,,comparator_ref_pmid,,,,False,,,,,PMC2952772,Table 1
melatonin-primary-insomnia-sol,23691095,JATS_TABLE,Luthringer R [25],AGENT_UNCONFIRMED,DECLARED_ABSENT,GENUINELY_UNAVAILABLE_OPEN,NONE_OPEN_PROBED,19584739,,comparator_ref_pmid,SYN-4BA8069FB1F1,UNKNOWN,OUTCOME_NOT_IN_SOURCE,False,,,,,,Table 1
melatonin-primary-insomnia-sol,23691095,JATS_TABLE,Garzón C [26],AGENT_UNCONFIRMED,NOT_IDENTIFIED,IDENTIFICATION,NONE_OPEN_PROBED,19225268,,comparator_ref_pmid,,,,False,,,,,,Table 1
melatonin-primary-insomnia-sol,23691095,JATS_TABLE,Lemoine P [27],AGENT_UNCONFIRMED,DECLARED_ABSENT,GENUINELY_UNAVAILABLE_OPEN,NONE_OPEN_PROBED,18036082,,comparator_ref_pmid,SYN-6C989D581F38,UNKNOWN,OUTCOME_NOT_IN_SOURCE,False,,,,,,Table 1
melatonin-primary-insomnia-sol,23691095,JATS_TABLE,Wade AG [28],AGENT_UNCONFIRMED,DECLARED_ABSENT,GENUINELY_UNAVAILABLE_OPEN,NONE_OPEN_PROBED,17875243,,comparator_ref_pmid,SYN-30955D276713,UNKNOWN,OUTCOME_NOT_IN_SOURCE,False,,,,,,Table 1
melatonin-primary-insomnia-sol,23691095,JATS_TABLE,Mundey K [29],AGENT_UNCONFIRMED,NOT_IDENTIFIED,IDENTIFICATION,NONE_OPEN_PROBED,16295212,,comparator_ref_pmid,,,,False,,,,,,Table 1
melatonin-primary-insomnia-sol,23691095,JATS_TABLE,Smits MG [30],AGENT_UNCONFIRMED,NOT_IDENTIFIED,IDENTIFICATION,NONE_OPEN_PROBED,14566165,,comparator_ref_pmid,,,,False,,,,,,Table 1
melatonin-primary-insomnia-sol,23691095,JATS_TABLE,Almeida Montes LG [31],AGENT_UNCONFIRMED,DECLARED_ABSENT,GENUINELY_UNAVAILABLE_OPEN,NONE_OPEN_PROBED,12790159,,comparator_ref_pmid,SYN-1FEBA490E3AB,UNKNOWN,OUTCOME_NOT_IN_SOURCE,False,,,,,,Table 1
melatonin-primary-insomnia-sol,23691095,JATS_TABLE,Kayumov L [32],AGENT_UNCONFIRMED,NOT_IDENTIFIED,IDENTIFICATION,NONE_OPEN_PROBED,11211063,,comparator_ref_pmid,,,,False,,,,,,Table 1
melatonin-primary-insomnia-sol,23691095,JATS_TABLE,Smits MG [33],AGENT_UNCONFIRMED,NOT_IDENTIFIED,IDENTIFICATION,NONE_OPEN_PROBED,11292231,,comparator_ref_pmid,,,,False,,,,,,Table 1
melatonin-primary-insomnia-sol,23691095,JATS_TABLE,Zhdanova IV [34],AGENT_UNCONFIRMED,NOT_IDENTIFIED,IDENTIFICATION,NONE_OPEN_PROBED,11600532,,comparator_ref_pmid,,,,False,,,,,,Table 1
melatonin-primary-insomnia-sol,23691095,JATS_TABLE,Dawson D [35],AGENT_UNCONFIRMED,NOT_IDENTIFIED,IDENTIFICATION,NONE_OPEN_PROBED,9850013,,comparator_ref_pmid,,,,False,,,,,,Table 1
melatonin-primary-insomnia-sol,23691095,JATS_TABLE,Nagtegaal JE [36],AGENT_UNCONFIRMED,NOT_IDENTIFIED,IDENTIFICATION,NONE_OPEN_PROBED,9682186,,comparator_ref_pmid,,,,False,,,,,,Table 1
melatonin-primary-insomnia-sol,23691095,JATS_TABLE,Ellis CM [37],AGENT_UNCONFIRMED,NOT_IDENTIFIED,IDENTIFICATION,NONE_OPEN_PROBED,8795804,,comparator_ref_pmid,,,,False,,,,,,Table 1
melatonin-primary-insomnia-sol,23691095,JATS_TABLE,Haimov I [38],AGENT_UNCONFIRMED,NOT_IDENTIFIED,IDENTIFICATION,NONE_OPEN_PROBED,8552931,,comparator_ref_pmid,,,,False,,,,,,Table 1
melatonin-primary-insomnia-sol,23691095,JATS_TABLE,Dahlitz M [39],AGENT_UNCONFIRMED,NOT_IDENTIFIED,IDENTIFICATION,NONE_OPEN_PROBED,1674014,,comparator_ref_pmid,,,,False,,,,,,Table 1
melatonin-primary-insomnia-sol,23691095,JATS_TABLE,James SP [40],AGENT_UNCONFIRMED,NOT_IDENTIFIED,IDENTIFICATION,NONE_OPEN_PROBED,2306332,,comparator_ref_pmid,,,,False,,,,,,Table 1
metformin-pcos-ovulation,31845767,MODEL_PROPOSAL_GATED,Baillargeon 2004,AGENT_UNCONFIRMED,UNRESOLVED,UNRESOLVED_IDENTITY,,,,,,,,False,,,,,,proposal:mc-a8f745c14409f53ea70f2fcf8a454e5e
metformin-pcos-ovulation,31845767,MODEL_PROPOSAL_GATED,Begum 2014,AGENT_UNCONFIRMED,UNRESOLVED,UNRESOLVED_IDENTITY,,,,,,,,False,,,,,,proposal:mc-a8f745c14409f53ea70f2fcf8a454e5e
metformin-pcos-ovulation,31845767,MODEL_PROPOSAL_GATED,Ben Ayed 2009,AGENT_UNCONFIRMED,UNRESOLVED,UNRESOLVED_IDENTITY,,,,,,,,False,,,,,,proposal:mc-a8f745c14409f53ea70f2fcf8a454e5e
metformin-pcos-ovulation,31845767,MODEL_PROPOSAL_GATED,Boudhraa 2010,AGENT_UNCONFIRMED,NOT_IDENTIFIED,IDENTIFICATION,PUBMED_ABSTRACT_OUTCOME,20517830,,comparator_ref_pmid;pubmed_author_year_single_hit,,,,False,,,,,,proposal:mc-a8f745c14409f53ea70f2fcf8a454e5e
metformin-pcos-ovulation,31845767,MODEL_PROPOSAL_GATED,Chuni 2006,AGENT_UNCONFIRMED,UNRESOLVED,UNRESOLVED_IDENTITY,,,,,,,,False,,,,,,proposal:mc-a8f745c14409f53ea70f2fcf8a454e5e
metformin-pcos-ovulation,31845767,MODEL_PROPOSAL_GATED,Fatima 2018,DRUG_MATCH,UNRESOLVED,UNRESOLVED_IDENTITY,,,,,,,,False,,,,,,proposal:mc-a8f745c14409f53ea70f2fcf8a454e5e
metformin-pcos-ovulation,31845767,MODEL_PROPOSAL_GATED,Fleming 2002,AGENT_UNCONFIRMED,NOT_IDENTIFIED,IDENTIFICATION,NONE_OPEN_PROBED,11836287,,comparator_ref_pmid;pubmed_author_year_single_hit,,,,False,,,,,,proposal:mc-a8f745c14409f53ea70f2fcf8a454e5e
metformin-pcos-ovulation,31845767,MODEL_PROPOSAL_GATED,Hamed 2010,DRUG_MATCH,NOT_IDENTIFIED,IDENTIFICATION,PUBMED_ABSTRACT_OUTCOME,19892338,,comparator_ref_pmid;pubmed_author_year_single_hit,,,,False,,,,,,proposal:mc-a8f745c14409f53ea70f2fcf8a454e5e
metformin-pcos-ovulation,31845767,MODEL_PROPOSAL_GATED,Heathcote 2013,AGENT_UNCONFIRMED,UNRESOLVED,UNRESOLVED_IDENTITY,,,,,,,,False,,,,,,proposal:mc-a8f745c14409f53ea70f2fcf8a454e5e
metformin-pcos-ovulation,31845767,MODEL_PROPOSAL_GATED,Hoeger 2004,AGENT_UNCONFIRMED,NOT_IDENTIFIED,IDENTIFICATION,UNPAYWALL_OA_COPY,15302293,,comparator_ref_pmid;pubmed_author_year_single_hit,,,,False,,,,,,proposal:mc-a8f745c14409f53ea70f2fcf8a454e5e
metformin-pcos-ovulation,31845767,MODEL_PROPOSAL_GATED,Jakubowicz 2001,AGENT_UNCONFIRMED,NOT_IDENTIFIED,IDENTIFICATION,NONE_OPEN_PROBED,11238496,,comparator_ref_pmid;pubmed_author_year_single_hit,,,,False,,,,,,proposal:mc-a8f745c14409f53ea70f2fcf8a454e5e
metformin-pcos-ovulation,31845767,MODEL_PROPOSAL_GATED,Kar 2015,AGENT_UNCONFIRMED,NOT_IDENTIFIED,IDENTIFICATION,PMC_OA_FULLTEXT,26752854,,comparator_ref_pmid;pubmed_author_year_single_hit,,,,False,,,,,PMC4691970,proposal:mc-a8f745c14409f53ea70f2fcf8a454e5e
metformin-pcos-ovulation,31845767,MODEL_PROPOSAL_GATED,Karimzadeh 2007,AGENT_UNCONFIRMED,UNRESOLVED,UNRESOLVED_IDENTITY,,,,,,,,False,,,,,,proposal:mc-a8f745c14409f53ea70f2fcf8a454e5e
metformin-pcos-ovulation,31845767,MODEL_PROPOSAL_GATED,Karimzadeh 2010,AGENT_UNCONFIRMED,NOT_IDENTIFIED,IDENTIFICATION,UNPAYWALL_OA_COPY,19463994,,comparator_ref_pmid;pubmed_author_year_single_hit,,,,False,,,,,,proposal:mc-a8f745c14409f53ea70f2fcf8a454e5e
metformin-pcos-ovulation,31845767,MODEL_PROPOSAL_GATED,Khorram 2006,AGENT_UNCONFIRMED,NOT_IDENTIFIED,IDENTIFICATION,UNPAYWALL_OA_COPY,16579997,,comparator_ref_pmid;pubmed_author_year_single_hit,,,,False,,,,,,proposal:mc-a8f745c14409f53ea70f2fcf8a454e5e
metformin-pcos-ovulation,31845767,MODEL_PROPOSAL_GATED,Kjotrod 2011,DRUG_MATCH,SCOPE_MISMATCH,SCOPE_MISMATCH,,21606131;33347618,NCT00159575,comparator_ref_pmid;pubmed_author_year_single_hit,,,,False,,,,,,proposal:mc-a8f745c14409f53ea70f2fcf8a454e5e
metformin-pcos-ovulation,31845767,MODEL_PROPOSAL_GATED,Ko 2001,AGENT_UNCONFIRMED,UNRESOLVED,UNRESOLVED_IDENTITY,,,,,,,,False,,,,,,proposal:mc-a8f745c14409f53ea70f2fcf8a454e5e
metformin-pcos-ovulation,31845767,MODEL_PROPOSAL_GATED,Kocak 2006,DRUG_MATCH,NOT_IDENTIFIED,IDENTIFICATION,NONE_OPEN_PROBED,16764619,,comparator_ref_pmid;pubmed_author_year_single_hit,,,,False,,,,,,proposal:mc-a8f745c14409f53ea70f2fcf8a454e5e
metformin-pcos-ovulation,31845767,MODEL_PROPOSAL_GATED,Legro 2007,AGENT_UNCONFIRMED,UNRESOLVED,UNRESOLVED_IDENTITY,,,,,,,,False,,,,,,proposal:mc-a8f745c14409f53ea70f2fcf8a454e5e
metformin-pcos-ovulation,31845767,MODEL_PROPOSAL_GATED,Liu 2004,DRUG_MATCH,NOT_IDENTIFIED,IDENTIFICATION,PUBMED_ABSTRACT_OUTCOME,15498183,,comparator_ref_pmid;pubmed_author_year_single_hit,,,,False,,,,,,proposal:mc-a8f745c14409f53ea70f2fcf8a454e5e
metformin-pcos-ovulation,31845767,MODEL_PROPOSAL_GATED,Liu 2017,AGENT_UNCONFIRMED,UNRESOLVED,UNRESOLVED_IDENTITY,,,,,,,,False,,,,,,proposal:mc-a8f745c14409f53ea70f2fcf8a454e5e
metformin-pcos-ovulation,31845767,MODEL_PROPOSAL_GATED,Lord 2006,AGENT_UNCONFIRMED,IDENTIFIED_NOT_POOLED,SCREEN_OR_ELIGIBILITY,NONE_OPEN_PROBED,16827766,,comparator_ref_pmid;pubmed_author_year_single_hit,SYN-55CE0F0A4F0E,UNKNOWN,,False,,,,,,proposal:mc-a8f745c14409f53ea70f2fcf8a454e5e
metformin-pcos-ovulation,31845767,MODEL_PROPOSAL_GATED,Machado 2012,AGENT_UNCONFIRMED,NOT_IDENTIFIED,IDENTIFICATION,PMC_OA_FULLTEXT,22892913,,comparator_ref_pmid;pubmed_author_year_single_hit,,,,False,,,,,PMC3400159,proposal:mc-a8f745c14409f53ea70f2fcf8a454e5e
metformin-pcos-ovulation,31845767,MODEL_PROPOSAL_GATED,Malkawi 2002,AGENT_UNCONFIRMED,UNRESOLVED,UNRESOLVED_IDENTITY,,,,,,,,False,,,,,,proposal:mc-a8f745c14409f53ea70f2fcf8a454e5e
metformin-pcos-ovulation,31845767,MODEL_PROPOSAL_GATED,Malkawi 2003,DRUG_MATCH,NOT_IDENTIFIED,IDENTIFICATION,PUBMED_ABSTRACT_OUTCOME,12850864,,comparator_ref_pmid;pubmed_author_year_single_hit,,,,False,,,,,,proposal:mc-a8f745c14409f53ea70f2fcf8a454e5e
metformin-pcos-ovulation,31845767,MODEL_PROPOSAL_GATED,Moll 2006,AGENT_UNCONFIRMED,POOLED,POOLED,,16769748,,comparator_ref_pmid;pubmed_author_year_single_hit,ISRCTN55906981,UNKNOWN,,False,,,,,,proposal:mc-a8f745c14409f53ea70f2fcf8a454e5e
metformin-pcos-ovulation,31845767,MODEL_PROPOSAL_GATED,Morin‐Papunen 2012,DRUG_MATCH,DECLARED_ABSENT,GENUINELY_UNAVAILABLE_OPEN,NONE_OPEN_PROBED,22419702,,comparator_ref_pmid;pubmed_author_year_single_hit,SYN-C20298B9EDFD,UNKNOWN,OUTCOME_NOT_IN_SOURCE,False,,,,,,proposal:mc-a8f745c14409f53ea70f2fcf8a454e5e
metformin-pcos-ovulation,31845767,MODEL_PROPOSAL_GATED,Nestler 1998,AGENT_UNCONFIRMED,UNRESOLVED,UNRESOLVED_IDENTITY,,,,,,,,False,,,,,,proposal:mc-a8f745c14409f53ea70f2fcf8a454e5e
metformin-pcos-ovulation,31845767,MODEL_PROPOSAL_GATED,Ng 2001,DRUG_MATCH,DECLARED_ABSENT,GENUINELY_UNAVAILABLE_OPEN,NONE_OPEN_PROBED,11473953,,comparator_ref_pmid;pubmed_author_year_single_hit,SYN-7812945BE910,UNKNOWN,OUTCOME_NOT_IN_SOURCE,False,,,,,,proposal:mc-a8f745c14409f53ea70f2fcf8a454e5e
metformin-pcos-ovulation,31845767,MODEL_PROPOSAL_GATED,Onalan 2005,AGENT_UNCONFIRMED,UNRESOLVED,UNRESOLVED_IDENTITY,,,,,,,,False,,,,,,proposal:mc-a8f745c14409f53ea70f2fcf8a454e5e
metformin-pcos-ovulation,31845767,MODEL_PROPOSAL_GATED,Palomba 2004,DRUG_MATCH,IDENTIFIED_NOT_POOLED,SCREEN_OR_ELIGIBILITY,UNPAYWALL_OA_COPY,15472166,,comparator_ref_pmid;pubmed_author_year_single_hit,SYN-9A284974BC71,UNKNOWN,,False,,,,,,proposal:mc-a8f745c14409f53ea70f2fcf8a454e5e
metformin-pcos-ovulation,31845767,MODEL_PROPOSAL_GATED,Palomba 2005a,AGENT_UNCONFIRMED,UNRESOLVED,UNRESOLVED_IDENTITY,,,,,,,,False,,,,,,proposal:mc-a8f745c14409f53ea70f2fcf8a454e5e
metformin-pcos-ovulation,31845767,MODEL_PROPOSAL_GATED,PCOSMIC 2010,DRUG_MATCH,UNRESOLVED,UNRESOLVED_IDENTITY,,,,,,,,False,,,,,,proposal:mc-a8f745c14409f53ea70f2fcf8a454e5e
metformin-pcos-ovulation,31845767,MODEL_PROPOSAL_GATED,Raja 2005,AGENT_UNCONFIRMED,UNRESOLVED,UNRESOLVED_IDENTITY,,,,,,,,False,,,,,,proposal:mc-a8f745c14409f53ea70f2fcf8a454e5e
metformin-pcos-ovulation,31845767,MODEL_PROPOSAL_GATED,Refaie 2005,AGENT_UNCONFIRMED,UNRESOLVED,UNRESOLVED_IDENTITY,,,,,,,,False,,,,,,proposal:mc-a8f745c14409f53ea70f2fcf8a454e5e
metformin-pcos-ovulation,31845767,MODEL_PROPOSAL_GATED,Siebert 2009,AGENT_UNCONFIRMED,NOT_IDENTIFIED,IDENTIFICATION,UNPAYWALL_OA_COPY,19396538,,comparator_ref_pmid;pubmed_author_year_single_hit,,,,False,,,,,,proposal:mc-a8f745c14409f53ea70f2fcf8a454e5e
metformin-pcos-ovulation,31845767,MODEL_PROPOSAL_GATED,Sturrock 2002,AGENT_UNCONFIRMED,DECLARED_ABSENT,ACQUISITION,UNPAYWALL_OA_COPY,11994052,,comparator_ref_pmid;pubmed_author_year_single_hit,SYN-23A6299FF593,UNKNOWN,OUTCOME_NOT_IN_SOURCE,False,,,,,,proposal:mc-a8f745c14409f53ea70f2fcf8a454e5e
metformin-pcos-ovulation,31845767,MODEL_PROPOSAL_GATED,Tang 2006,AGENT_UNCONFIRMED,UNRESOLVED,UNRESOLVED_IDENTITY,,,,,,,,False,,,,,,proposal:mc-a8f745c14409f53ea70f2fcf8a454e5e
metformin-pcos-ovulation,31845767,MODEL_PROPOSAL_GATED,Vandermolen 2001,AGENT_UNCONFIRMED,POOLED,POOLED,,11172832,,comparator_ref_pmid;pubmed_author_year_single_hit,SYN-90E1FC6CED9D,UNKNOWN,,False,,,,,,proposal:mc-a8f745c14409f53ea70f2fcf8a454e5e
metformin-pcos-ovulation,31845767,MODEL_PROPOSAL_GATED,Yarali 2002,DRUG_MATCH,NOT_IDENTIFIED,IDENTIFICATION,UNPAYWALL_OA_COPY,11821265,,comparator_ref_pmid;pubmed_author_year_single_hit,,,,False,,,,,,proposal:mc-a8f745c14409f53ea70f2fcf8a454e5e
metformin-pcos-ovulation,31845767,MODEL_PROPOSAL_GATED,Zain 2009,AGENT_UNCONFIRMED,NOT_IDENTIFIED,IDENTIFICATION,UNPAYWALL_OA_COPY,18321486,,comparator_ref_pmid;pubmed_author_year_single_hit,,,,False,,,,,,proposal:mc-a8f745c14409f53ea70f2fcf8a454e5e
noac-vs-warfarin-af-stroke,34985309,MODEL_PROPOSAL_GATED,RE-LY,DRUG_MATCH,POOLED,POOLED,,19376304;19717844;20801496;21059484;21147728;21200007;21576658;22084332;22215856;22374183;22700854;23027801;23103906;23271794;23467860;23743976;23770182;24016454;24076487;24081972;24323795;24359765;24794140;26065986;26093161;26678637;26818781;27056738;27496855;27569438;28213368;28520924;29069359;29653640;30012318;30651032;31046423;32385506;32984892;33292046;33741689;33757788;34358298;34411158;36990261,NCT00262600,acronym_aact_title:RE-LY,NCT00262600,UNKNOWN,,True,Yearly Event Rate for Composite Endpoint of Stroke/SEE,NUMBER,36 months,"Randomized set - The randomized set includes all randomized subjects in the treatment groups to which they were randomized, regardless of whether the subjects t",,proposal:mc-3c7cd287b591f11e27da0801a6e234c4
noac-vs-warfarin-af-stroke,34985309,MODEL_PROPOSAL_GATED,ROCKET AF,DRUG_MATCH,UNRESOLVED,UNRESOLVED_IDENTITY,,,,,,,,False,,,,,,proposal:mc-3c7cd287b591f11e27da0801a6e234c4
noac-vs-warfarin-af-stroke,34985309,MODEL_PROPOSAL_GATED,ARISTOTLE,DRUG_MATCH,POOLED,POOLED,,21870978;22572202;23036896;23563134;23575255;23640971;24016506;24016507;24055845;24211508;24226808;25294786;25320240;25451868;25499871;26106009;26371113;26627878;26839066;26920728;27056738;27306620;27438322;27463942;27569438;27798052;28096100;28355434;28356246;28645934;29069359;29089455;29122636;29352007;29385429;29419390;29447773;29871978;30092948;30209126;30487982;30579505;30773022;30790160;30907005;31474328;31747786;31896036;32160801;32164888;32350915;32616154;32865097;32984892;33292046;33741689;34358298;35570249;36990261;37506747,NCT00412984,acronym_aact:ARISTOTLE,NCT00412984,UNKNOWN,,True,Rate of Adjudicated Stroke or Systemic Embolism (SE) During the Intended Treatment Period,NUMBER,"""Intended Treatment Period started on the day of randomization and ended at the efficacy cut-off date (date on which it was expected that the target number of primary efficacy events [448] would have occurred; set to 30-Jan-2011, prior to unblinding).""","Intention to treat analysis, randomized participants. Participants who did not experience an efficacy endpoint event were censored at the earlier of their death",,proposal:mc-3c7cd287b591f11e27da0801a6e234c4
noac-vs-warfarin-af-stroke,34985309,MODEL_PROPOSAL_GATED,ENGAGE AF-TIMI 48,DRUG_MATCH,POOLED,POOLED,,20934556;22398655;24251359;24302269;24947287;25104527;25769357;25769361;26908401;27207971;27358434;27387994;27402235;27609678;27706467;28077507;28302288;28666993;28862934;29748353;29967197;30236308;30586727;31597460;31777160;33148013;33357217;33663737;33760027;34962979;36987929;37100536;38828563;38985461;39791401;40925065,NCT00781391,acronym_aact:ENGAGE AF-TIMI 48,NCT00781391,UNKNOWN,,True,,,,,,proposal:mc-3c7cd287b591f11e27da0801a6e234c4
omega3-cardiovascular-events,35905212,JATS_TABLE,Burr 1989 [23],DRUG_MATCH,IDENTIFIED_NOT_POOLED,SCREEN_OR_ELIGIBILITY,NONE_OPEN_PROBED,2571009,,xref_table_distrusted:26/28 links in Table 1 contradict their rows;author_year_ref_list,SYN-7EABB08DC7C0,UNKNOWN,,False,,,,,,Table 1
omega3-cardiovascular-events,35905212,JATS_TABLE,Eritsland 1996 [24],DRUG_MATCH,NOT_IDENTIFIED,IDENTIFICATION,NONE_OPEN_PROBED,8540453,,xref_table_distrusted:26/28 links in Table 1 contradict their rows;author_year_ref_list,,,,False,,,,,,Table 1
omega3-cardiovascular-events,35905212,JATS_TABLE,GISSI-P 1999 [25],DRUG_MATCH,UNRESOLVED,UNRESOLVED_IDENTITY,,,,xref_table_distrusted:26/28 links in Table 1 contradict their rows,,,,False,,,,,,Table 1
omega3-cardiovascular-events,35905212,JATS_TABLE,Nilsen 2001 [26],DRUG_MATCH,DECLARED_ABSENT,ACQUISITION,UNPAYWALL_OA_COPY,11451717,,xref_table_distrusted:26/28 links in Table 1 contradict their rows;author_year_ref_list,SYN-B090E3C1FD1B,UNKNOWN,OUTCOME_NOT_IN_SOURCE,False,,,,,,Table 1
omega3-cardiovascular-events,35905212,JATS_TABLE,Bemelmans 2002 [27],AGENT_UNCONFIRMED,NOT_IDENTIFIED,IDENTIFICATION,UNPAYWALL_OA_COPY,11815311,,xref_table_distrusted:26/28 links in Table 1 contradict their rows;author_year_ref_list,,,,False,,,,,,Table 1
omega3-cardiovascular-events,35905212,JATS_TABLE,Burr 2003 [28],DRUG_MATCH,IDENTIFIED_NOT_POOLED,SCREEN_OR_ELIGIBILITY,UNPAYWALL_OA_COPY,12571649,,xref_table_distrusted:26/28 links in Table 1 contradict their rows;author_year_ref_list,SYN-F8D3D85DAA98,UNKNOWN,,False,,,,,,Table 1
omega3-cardiovascular-events,35905212,JATS_TABLE,Leaf 2005 [29],DRUG_MATCH,NOT_IDENTIFIED,IDENTIFICATION,NONE_OPEN_PROBED,16267249,,xref_table_distrusted:26/28 links in Table 1 contradict their rows;author_year_ref_list,,,,False,,,,,,Table 1
omega3-cardiovascular-events,35905212,JATS_TABLE,Raitt 2005 [30],DRUG_MATCH,NOT_IDENTIFIED,IDENTIFICATION,NONE_OPEN_PROBED,15956633,,xref_table_distrusted:26/28 links in Table 1 contradict their rows;author_year_ref_list,,,,False,,,,,,Table 1
omega3-cardiovascular-events,35905212,JATS_TABLE,Brouwer 2006 [31],DRUG_MATCH,IDENTIFIED_NOT_POOLED,SCREEN_OR_ELIGIBILITY,UNPAYWALL_OA_COPY,16772624,NCT00110838,xref_table_distrusted:26/28 links in Table 1 contradict their rows;author_year_ref_list,NCT00110838,UNKNOWN,,False,,,,,,Table 1
omega3-cardiovascular-events,35905212,JATS_TABLE,Yokoyama 2007 [32],DRUG_MATCH,IDENTIFIED_NOT_POOLED,SCREEN_OR_ELIGIBILITY,UNPAYWALL_OA_COPY,17398308;18451347;18667204;19423946;19447387;20145342;20484828,NCT00231738,xref_table_distrusted:26/28 links in Table 1 contradict their rows;author_year_ref_list,NCT00231738,UNKNOWN,,False,,,,,,Table 1
omega3-cardiovascular-events,35905212,JATS_TABLE,GISSI-HF 2008 [33],DRUG_MATCH,UNRESOLVED,UNRESOLVED_IDENTITY,,,,xref_table_distrusted:26/28 links in Table 1 contradict their rows,,,,False,,,,,,Table 1
omega3-cardiovascular-events,35905212,JATS_TABLE,Tuttle 2008 [34],DRUG_MATCH,IDENTIFIED_NOT_POOLED,SCREEN_OR_ELIGIBILITY,NONE_OPEN_PROBED,18489927,,xref_table_distrusted:26/28 links in Table 1 contradict their rows;author_year_ref_list,SYN-6F057B531F04,UNKNOWN,,False,,,,,,Table 1
omega3-cardiovascular-events,35905212,JATS_TABLE,Quinn 2010 [35],DRUG_MATCH,NOT_IDENTIFIED,IDENTIFICATION,PMC_OA_FULLTEXT,21045096;27358067;39800465,NCT00440050,xref_table_distrusted:26/28 links in Table 1 contradict their rows;author_year_ref_list,,,,True,,,,,PMC4928349;PMC12184043,Table 1
omega3-cardiovascular-events,35905212,JATS_TABLE,Kromhout 2010 [36],DRUG_MATCH,POOLED,POOLED,,20929341;21967845;22030221;22110169;22301766;22314614;23117562;23774275;24349086;24879357;25104273;26490494;28793994;28835365;29036212;29095051;31727685;33744039;33826695;34734223;34845924;35155529;36035961;36514248,NCT00127452;NCT03192410,xref_table_distrusted:26/28 links in Table 1 contradict their rows;author_year_ref_list,NCT00127452,UNKNOWN,,False,,,,,,Table 1
omega3-cardiovascular-events,35905212,JATS_TABLE,Einvik 2010 [37],DRUG_MATCH,DECLARED_ABSENT,GENUINELY_UNAVAILABLE_OPEN,NONE_OPEN_PROBED,20389249,,xref_table_distrusted:26/28 links in Table 1 contradict their rows;author_year_ref_list,SYN-ACC6455E950D,UNKNOWN,OUTCOME_NOT_IN_SOURCE,False,,,,,,Table 1
omega3-cardiovascular-events,35905212,JATS_TABLE,Rauch 2010 [38],DRUG_MATCH,DECLARED_ABSENT,GENUINELY_UNAVAILABLE_OPEN,NONE_OPEN_PROBED,21060071;23559535;24330904,NCT00251134,xref_table_distrusted:26/28 links in Table 1 contradict their rows;author_year_ref_list,NCT00251134,UNKNOWN,OUTCOME_NOT_IN_SOURCE,False,,,,,,Table 1
omega3-cardiovascular-events,35905212,JATS_TABLE,Galan 2010 [39],DRUG_MATCH,POOLED,POOLED,,21115589,,xref_table_distrusted:26/28 links in Table 1 contradict their rows;author_year_ref_list,ISRCTN41926726,UNKNOWN,,False,,,,,,Table 1
omega3-cardiovascular-events,35905212,JATS_TABLE,ORIGIN 2012 [40],DRUG_MATCH,UNRESOLVED,UNRESOLVED_IDENTITY,,,,xref_table_distrusted:26/28 links in Table 1 contradict their rows,,,,False,,,,,,Table 1
omega3-cardiovascular-events,35905212,JATS_TABLE,Macchia 2013 [41],DRUG_MATCH,IDENTIFIED_NOT_POOLED,SCREEN_OR_ELIGIBILITY,UNPAYWALL_OA_COPY,19249410;23265344,NCT00597220,xref_table_distrusted:26/28 links in Table 1 contradict their rows;author_year_ref_list,NCT00597220,UNKNOWN,,False,,,,,,Table 1
omega3-cardiovascular-events,35905212,JATS_TABLE,Risk & Prevention 2013 [42],DRUG_MATCH,UNRESOLVED,UNRESOLVED_IDENTITY,,,,xref_table_distrusted:26/28 links in Table 1 contradict their rows,,,,False,,,,,,Table 1
omega3-cardiovascular-events,35905212,JATS_TABLE,Nigam 2014 [43],DRUG_MATCH,IDENTIFIED_NOT_POOLED,SCREEN_OR_ELIGIBILITY,UNPAYWALL_OA_COPY,25277614,NCT01235130,xref_table_distrusted:26/28 links in Table 1 contradict their rows;author_year_ref_list,NCT01235130,UNKNOWN,,False,,,,,,Table 1
omega3-cardiovascular-events,35905212,JATS_TABLE,AREDS2 2014 [44],DRUG_MATCH,UNRESOLVED,UNRESOLVED_IDENTITY,,,,xref_table_distrusted:26/28 links in Table 1 contradict their rows,,,,False,,,,,,Table 1
omega3-cardiovascular-events,35905212,JATS_TABLE,Doi 2014 [45],DRUG_MATCH,IDENTIFIED_NOT_POOLED,SCREEN_OR_ELIGIBILITY,NONE_OPEN_PROBED,25305703,,xref_table_distrusted:26/28 links in Table 1 contradict their rows;author_year_ref_list,SYN-12F30FF04D7F,UNKNOWN,,False,,,,,,Table 1
omega3-cardiovascular-events,35905212,JATS_TABLE,Alfaddagh 2017 [46],DRUG_MATCH,NOT_IDENTIFIED,IDENTIFICATION,PMC_OA_FULLTEXT,28710178;29246960;31055222;32212910;33675344;33749913;37541921;37681568;41642164,NCT01624727,xref_table_distrusted:26/28 links in Table 1 contradict their rows;author_year_ref_list,,,,False,,,,,PMC5586259;PMC5779017;PMC7428649;PMC10547278,Table 1
omega3-cardiovascular-events,35905212,JATS_TABLE,ASCEND 2018 [47],DRUG_MATCH,UNRESOLVED,UNRESOLVED_IDENTITY,,,,xref_table_distrusted:26/28 links in Table 1 contradict their rows,,,,False,,,,,,Table 1
omega3-cardiovascular-events,35905212,JATS_TABLE,Pahor 2019 [48],DRUG_MATCH,NOT_IDENTIFIED,IDENTIFICATION,UNPAYWALL_OA_COPY,30541065,NCT02676466,xref_table_distrusted:26/28 links in Table 1 contradict their rows;author_year_ref_list,,,,True,,,,,,Table 1
omega3-cardiovascular-events,35905212,JATS_TABLE,Bhatt 2019 [49],DRUG_MATCH,POOLED,POOLED,,30415628;30898607;31439224;31707829;33010162;33148016;34620410;34706555;34710343;35027114;35261279;35377160;35483753;35762321;36802845;38035037;38156550;39968782;40982548,NCT01492361;NCT07641257,xref_table_distrusted:26/28 links in Table 1 contradict their rows;author_year_ref_list,NCT01492361,UNKNOWN,,True,,,,,,Table 1
omega3-cardiovascular-events,35905212,JATS_TABLE,Manson 2019 [50],DRUG_MATCH,POOLED,POOLED,,30415637,,xref_table_distrusted:26/28 links in Table 1 contradict their rows;author_year_ref_list,NCT01169259,ELIGIBLE,,False,,,,,,Table 1
pcsk9-mace,36531722,JATS_TABLE,ODYSSEY COMBO I NCT01644175,DRUG_MATCH,NOT_IDENTIFIED,IDENTIFICATION,PMC_OA_FULLTEXT,26027630;27777279;30183102;34298554,NCT01644175,nct_in_table,,,,True,,,,,PMC5147039;PMC6585811,TABLE 1
pcsk9-mace,36531722,JATS_TABLE,ODYSSEY LONG TERM NCT01507831,DRUG_MATCH,DECLARED_ABSENT,MEASURE_MISMATCH,,25773378;27777279;28391886;28964736;30183102;34298554,NCT01507831,nct_in_table,NCT01507831,UNKNOWN,outcome_post_hoc_not_pooled,True,,,,,PMC5147039;PMC6585811,TABLE 1
pcsk9-mace,36531722,JATS_TABLE,ODYSSEY FH I NCT01623115,DRUG_MATCH,NOT_IDENTIFIED,IDENTIFICATION,PMC_OA_FULLTEXT,26330422;27777279;28391886;28964736;30183102;34298554,NCT01623115,nct_in_table,,,,True,,,,,PMC4644253;PMC5147039;PMC6585811,TABLE 1
pcsk9-mace,36531722,JATS_TABLE,ODYSSEY FH II NCT01709500,DRUG_MATCH,NOT_IDENTIFIED,IDENTIFICATION,PMC_OA_FULLTEXT,24842558;26330422;27777279;28391886;28964736;30183102;34298554,NCT01709500,nct_in_table,,,,True,,,,,PMC4074463;PMC4644253;PMC5147039;PMC6585811,TABLE 1
pcsk9-mace,36531722,JATS_TABLE,ODYSSEY HIGH FH NCT01617655,DRUG_MATCH,NOT_IDENTIFIED,IDENTIFICATION,PMC_OA_FULLTEXT,27618825;27777279;28391886;28964736;30183102;34298554,NCT01617655,nct_in_table,,,,True,,,,,PMC5055560;PMC5147039;PMC6585811,TABLE 1
pcsk9-mace,36531722,JATS_TABLE,ODYSSEY JAPAN NCT02017898,DRUG_MATCH,NOT_IDENTIFIED,IDENTIFICATION,NONE_OPEN_PROBED,,NCT02017898,nct_in_table,,,,False,,,,,,TABLE 1
pcsk9-mace,36531722,JATS_TABLE,ODYSSEY OUTCOME NCT01663402,DRUG_MATCH,POOLED,POOLED,,25440796;30403574;30898609;31117810;31272931;31466614;31475572;31707788;31707826;31948641;32223446;32381160;33051646;33078867;33438437;33722880;33755145;34325831;35296402;35378068;35644332;35708715;35770629;36879424;37328736;37632469;37702079;37954898;38960812;39232634;39239905;39687787;40193536;40847481;40995631;41321238,NCT01663402,nct_in_table,NCT01663402,ELIGIBLE,,True,Time to First Occurrence of Major Adverse Cardiovascular Event (MACE); Percentage of Observed Participants With Outcome Measure Events During the Study,NUMBER,From randomization up to 64 months,Intent-to-treat (ITT) population included all randomized participants.,,TABLE 1
pcsk9-mace,36531722,JATS_TABLE,PACMAN - AMI NCT03067844,DRUG_MATCH,DECLARED_ABSENT,MEASURE_MISMATCH,,22019821;22421222;22421299;23871513;24239923;24631113;25182248;25687353;25773378;26330422;26655874;33951415;35368058;37341586;37640248;38513436;39221516;39561225;40796144;41664920,NCT03067844,nct_in_table,NCT01507831,UNKNOWN,outcome_post_hoc_not_pooled,False,,,,,PMC4430683;PMC4644253;PMC13102353,TABLE 1
pcsk9-mace,36531722,JATS_TABLE,DESCARTES NCT01516879,DRUG_MATCH,NOT_IDENTIFIED,IDENTIFICATION,NONE_OPEN_PROBED,,NCT01516879,nct_in_table,,,,True,,,,,,TABLE 1
pcsk9-mace,36531722,JATS_TABLE,OSLER-1 NCT01439880,DRUG_MATCH,SCOPE_MISMATCH,SCOPE_MISMATCH,,25773607,NCT01439880,nct_in_table,,,,True,,,,,,TABLE 1
pcsk9-mace,36531722,JATS_TABLE,GLAGOV NCT01813422,DRUG_MATCH,DECLARED_ABSENT,GENUINELY_UNAVAILABLE_OPEN,NONE_OPEN_PROBED,27264224;33078867,NCT01813422,nct_in_table,NCT01813422,UNKNOWN,outcome_not_reported,True,,,,,,TABLE 1
pcsk9-mace,36531722,JATS_TABLE,FOURIER NCT01764633,DRUG_MATCH,POOLED,POOLED,,28859947;28927706;29133605;29530884;29626068;29898218;30540337;30586750;31116355;31196453;32312223;32347885;32347887;32432684;32785614;33078867;33197560;33980763;34537830;35209731;36007987;36585131;36779348;40255182;41178569,NCT01764633,nct_in_table,NCT01764633,UNKNOWN,,True,"Time to Cardiovascular Death, Myocardial Infarction, Hospitalization for Unstable Angina, Stroke, or Coronary Revascularization",NUMBER,"Events that occurred from randomization to the last confirmed survival status date; the median duration of follow-up was 26 months. KM estimates at 6, 12, 18, 24, 30 and 36 months are reported.",All randomized participants; The number of participants entered at each time point represents the number of participants at risk.,,TABLE 1
probiotics-aad-prevention,34385227,JATS_TABLE,Allen et al41,AGENT_UNCONFIRMED,POOLED,POOLED,,23932219,,comparator_ref_pmid,ISRCTN70017204,UNKNOWN,,False,,,,,,Table 1
probiotics-aad-prevention,34385227,JATS_TABLE,Beausoleil et al42,DRUG_MATCH,POOLED,POOLED,,18026577,,comparator_ref_pmid,SYN-750512AD72A7,UNKNOWN,,False,,,,,,Table 1
probiotics-aad-prevention,34385227,JATS_TABLE,Beniwal et al43,AGENT_UNCONFIRMED,DECLARED_ABSENT,GENUINELY_UNAVAILABLE_OPEN,NONE_OPEN_PROBED,14627358,,comparator_ref_pmid,SYN-7C23D0BB0BEE,UNKNOWN,OUTCOME_NOT_IN_SOURCE,False,,,,,,Table 1
probiotics-aad-prevention,34385227,JATS_TABLE,Bravo et al44,DRUG_MATCH,DECLARED_ABSENT,ACQUISITION,UNPAYWALL_OA_COPY,18949181,,comparator_ref_pmid,SYN-E6DD11435DF0,UNKNOWN,OUTCOME_NOT_IN_SOURCE,False,,,,,,Table 1
probiotics-aad-prevention,34385227,JATS_TABLE,Can et al35,DRUG_MATCH,DECLARED_ABSENT,EXTRACTION_FROM_TABLE,NONE_OPEN_PROBED,16572062,,comparator_ref_pmid,SYN-1888660188F7,UNKNOWN,COUNTS_PRESENT_NOT_CORROBORATED,False,,,,,,Table 1
probiotics-aad-prevention,34385227,JATS_TABLE,Chatterjee et al45,AGENT_UNCONFIRMED,POOLED,POOLED,,24772726,,comparator_ref_pmid,SYN-94F93929FA67,UNKNOWN,,False,,,,,,Table 1
probiotics-aad-prevention,34385227,JATS_TABLE,Cimperman et al46,DRUG_MATCH,DECLARED_ABSENT,GENUINELY_UNAVAILABLE_OPEN,NONE_OPEN_PROBED,21552138,,comparator_ref_pmid,SYN-53F047DA12C0,UNKNOWN,OUTCOME_NOT_IN_SOURCE,False,,,,,,Table 1
probiotics-aad-prevention,34385227,JATS_TABLE,Cindoruk et al47,DRUG_MATCH,IDENTIFIED_NOT_POOLED,SCREEN_OR_ELIGIBILITY,NONE_OPEN_PROBED,17669103,,comparator_ref_pmid,SYN-3F19C49B48D7,UNKNOWN,,False,,,,,,Table 1
probiotics-aad-prevention,34385227,JATS_TABLE,de Vrese et al33,DRUG_MATCH,DECLARED_ABSENT,GENUINELY_UNAVAILABLE_OPEN,NONE_OPEN_PROBED,21871144,,comparator_ref_pmid,SYN-9305A789018B,UNKNOWN,OUTCOME_NOT_IN_SOURCE,False,,,,,,Table 1
probiotics-aad-prevention,34385227,JATS_TABLE,Duman et al48,DRUG_MATCH,DECLARED_ABSENT,ACQUISITION,UNPAYWALL_OA_COPY,16292090,,comparator_ref_pmid,SYN-EC7B910AD12D,UNKNOWN,OUTCOME_NOT_IN_SOURCE,False,,,,,,Table 1
probiotics-aad-prevention,34385227,JATS_TABLE,Ehrhardt et al49,DRUG_MATCH,DECLARED_ABSENT,EXTRACTION_FROM_TABLE,AACT_RESULTS,26973849,NCT01143272,comparator_ref_pmid,NCT01143272,UNKNOWN,ENDPOINT_UNBOUND,True,Total Number of Antibiotic-associated Diarrhea Episodes,NUMBER,29 months,,PMC4785405,Table 1
probiotics-aad-prevention,34385227,JATS_TABLE,Evans et al50,AGENT_UNCONFIRMED,DECLARED_ABSENT,ACQUISITION,UNPAYWALL_OA_COPY,27169634,,comparator_ref_pmid,SYN-9892A1AC4FA6,UNKNOWN,OUTCOME_NOT_IN_SOURCE,False,,,,,,Table 1
probiotics-aad-prevention,34385227,JATS_TABLE,Gao et al28,DRUG_MATCH,DECLARED_ABSENT,EXTRACTION_FROM_TABLE,NONE_OPEN_PROBED,20145608,NCT00958308,comparator_ref_pmid,NCT00958308,UNKNOWN,COUNTS_PRESENT_NOT_CORROBORATED,True,,,,,,Table 1
probiotics-aad-prevention,34385227,JATS_TABLE,Gotz et al51,AGENT_UNCONFIRMED,IDENTIFIED_NOT_POOLED,SCREEN_OR_ELIGIBILITY,NONE_OPEN_PROBED,111546,,comparator_ref_pmid,SYN-6FDAEC92289E,UNKNOWN,,False,,,,,,Table 1
probiotics-aad-prevention,34385227,JATS_TABLE,Helps et al52,AGENT_UNCONFIRMED,UNRESOLVED,UNRESOLVED_IDENTITY,,,,,,,,False,,,,,,Table 1
probiotics-aad-prevention,34385227,JATS_TABLE,Hickson et al53,DRUG_MATCH,IDENTIFIED_NOT_POOLED,SCREEN_OR_ELIGIBILITY,UNPAYWALL_OA_COPY,17604300,NCT01792739,comparator_ref_pmid,SYN-8959B5B3F280,UNKNOWN,,False,,,,,,Table 1
probiotics-aad-prevention,34385227,JATS_TABLE,Horosheva et al23,AGENT_UNCONFIRMED,UNRESOLVED,UNRESOLVED_IDENTITY,,,,,,,,False,,,,,,Table 1
probiotics-aad-prevention,34385227,JATS_TABLE,Iamharit et al54,AGENT_UNCONFIRMED,UNRESOLVED,UNRESOLVED_IDENTITY,,,,,,,,False,,,,,,Table 1
probiotics-aad-prevention,34385227,JATS_TABLE,Imase et al29,AGENT_UNCONFIRMED,IDENTIFIED_NOT_POOLED,SCREEN_OR_ELIGIBILITY,NONE_OPEN_PROBED,18402597,,comparator_ref_pmid,SYN-92C9846B4902,UNKNOWN,,False,,,,,,Table 1
probiotics-aad-prevention,34385227,JATS_TABLE,Khanal et al55,DRUG_MATCH,UNRESOLVED,UNRESOLVED_IDENTITY,,,,,,,,False,,,,,,Table 1
probiotics-aad-prevention,34385227,JATS_TABLE,Koning et al56,AGENT_UNCONFIRMED,IDENTIFIED_NOT_POOLED,SCREEN_OR_ELIGIBILITY,UNPAYWALL_OA_COPY,17900321,,comparator_ref_pmid,SYN-E6AA29D42E8D,UNKNOWN,,False,,,,,,Table 1
probiotics-aad-prevention,34385227,JATS_TABLE,Lewis et al57,DRUG_MATCH,DECLARED_ABSENT,GENUINELY_UNAVAILABLE_OPEN,NONE_OPEN_PROBED,9570649,,comparator_ref_pmid,SYN-5FD156ABCCE2,UNKNOWN,OUTCOME_NOT_IN_SOURCE,False,,,,,,Table 1
probiotics-aad-prevention,34385227,JATS_TABLE,Lönnermark et al58,AGENT_UNCONFIRMED,IDENTIFIED_NOT_POOLED,SCREEN_OR_ELIGIBILITY,NONE_OPEN_PROBED,19727002,,comparator_ref_pmid,SYN-075CF6B671D4,UNKNOWN,,False,,,,,,Table 1
probiotics-aad-prevention,34385227,JATS_TABLE,McFarland et al59,DRUG_MATCH,POOLED,POOLED,,7872284,,comparator_ref_pmid,SYN-E445A1F4CA49,UNKNOWN,,False,,,,,,Table 1
probiotics-aad-prevention,34385227,JATS_TABLE,Ouwehand et al30,AGENT_UNCONFIRMED,IDENTIFIED_NOT_POOLED,SCREEN_OR_ELIGIBILITY,NONE_OPEN_PROBED,24291194,,comparator_ref_pmid,SYN-7B17BA55EBEF,UNKNOWN,,False,,,,,,Table 1
probiotics-aad-prevention,34385227,JATS_TABLE,Pirker et al60,AGENT_UNCONFIRMED,UNRESOLVED,UNRESOLVED_IDENTITY,,,,,,,,False,,,,,,Table 1
probiotics-aad-prevention,34385227,JATS_TABLE,Plomer et al61,DRUG_MATCH,IDENTIFIED_NOT_POOLED,SCREEN_OR_ELIGIBILITY,PMC_OA_FULLTEXT,32897519,,comparator_ref_pmid,SYN-FD6BF65412F0,UNKNOWN,,False,,,,,PMC7680487,Table 1
probiotics-aad-prevention,34385227,JATS_TABLE,Plummer et al62,AGENT_UNCONFIRMED,IDENTIFIED_NOT_POOLED,SCREEN_OR_ELIGIBILITY,NONE_OPEN_PROBED,15179608,,comparator_ref_pmid,SYN-4753FC0470E7,UNKNOWN,,False,,,,,,Table 1
probiotics-aad-prevention,34385227,JATS_TABLE,Pozzoni et al63,DRUG_MATCH,DECLARED_ABSENT,EXTRACTION_FROM_TABLE,NONE_OPEN_PROBED,22472744,,comparator_ref_pmid,SYN-9EE0C8ACFD98,UNKNOWN,COUNTS_PRESENT_NOT_CORROBORATED,False,,,,,,Table 1
probiotics-aad-prevention,34385227,JATS_TABLE,Rajkumar et al64,AGENT_UNCONFIRMED,POOLED,POOLED,,32035998,,comparator_ref_pmid,SYN-0419EAE8AEB8,UNKNOWN,,False,,,,,,Table 1
probiotics-aad-prevention,34385227,JATS_TABLE,Safdar et al65,AGENT_UNCONFIRMED,DECLARED_ABSENT,EXTRACTION_FROM_TABLE,UNPAYWALL_OA_COPY,19138244,,comparator_ref_pmid,SYN-4334295372BB,UNKNOWN,EXTRACTION_NOT_PERFORMED,False,,,,,,Table 1
probiotics-aad-prevention,34385227,JATS_TABLE,Sampalis et al66,DRUG_MATCH,DECLARED_ABSENT,EXTRACTION_FROM_TABLE,PMC_OA_FULLTEXT,22371721,,comparator_ref_pmid,SYN-511FE3285483,UNKNOWN,COUNTS_PRESENT_NOT_CORROBORATED,False,,,,,PMC3278944,Table 1
probiotics-aad-prevention,34385227,JATS_TABLE,Selinger et al67,OTHER_AGENT,DECLARED_ABSENT,ACQUISITION,UNPAYWALL_OA_COPY,23618760,NCT00973908,comparator_ref_pmid,NCT00973908,UNKNOWN,OUTCOME_NOT_IN_SOURCE,False,,,,,,Table 1
probiotics-aad-prevention,34385227,JATS_TABLE,Shimbo et al68,AGENT_UNCONFIRMED,IDENTIFIED_NOT_POOLED,SCREEN_OR_ELIGIBILITY,UNPAYWALL_OA_COPY,16437727,,comparator_ref_pmid,SYN-26E335B9C636,UNKNOWN,,False,,,,,,Table 1
probiotics-aad-prevention,34385227,JATS_TABLE,Song et al69,AGENT_UNCONFIRMED,POOLED,POOLED,,21165295,,comparator_ref_pmid,SYN-2163745E2514,UNKNOWN,,False,,,,,,Table 1
probiotics-aad-prevention,34385227,JATS_TABLE,Surawicz et al70,DRUG_MATCH,IDENTIFIED_NOT_POOLED,SCREEN_OR_ELIGIBILITY,PUBMED_ABSTRACT_OUTCOME,2494098,,comparator_ref_pmid,SYN-7E5963D1546C,UNKNOWN,,False,,,,,,Table 1
probiotics-aad-prevention,34385227,JATS_TABLE,Thomas et al71,AGENT_UNCONFIRMED,POOLED,POOLED,,11560298,,comparator_ref_pmid,SYN-0B772DF8ADC9,UNKNOWN,,False,,,,,,Table 1
probiotics-aad-prevention,34385227,JATS_TABLE,Velasco et al27,DRUG_MATCH,DECLARED_ABSENT,ACQUISITION,UNPAYWALL_OA_COPY,30439760,,comparator_ref_pmid,SYN-13F28DB2F2CF,UNKNOWN,OUTCOME_NOT_IN_SOURCE,False,,,,,,Table 1
probiotics-aad-prevention,34385227,JATS_TABLE,Wenus et al72,DRUG_MATCH,DECLARED_ABSENT,EXTRACTION_FROM_TABLE,NONE_OPEN_PROBED,17356555,,comparator_ref_pmid,SYN-95ED5718578D,UNKNOWN,EXTRACTION_NOT_PERFORMED,False,,,,,,Table 1
probiotics-aad-prevention,34385227,JATS_TABLE,Wong et al73,AGENT_UNCONFIRMED,DECLARED_ABSENT,MEASURE_MISMATCH,,24044687,,comparator_ref_pmid,SYN-7F5AD19DB17E,UNKNOWN,EFFECT_PRESENT_ESTIMAND_CLASS_MISMATCH,False,,,,,,Table 1
probiotics-aad-prevention,34385227,JATS_TABLE,Wright et al74,AGENT_UNCONFIRMED,DECLARED_ABSENT,EXTRACTION_FROM_TABLE,NONE_OPEN_PROBED,24456384,,comparator_ref_pmid,SYN-9A3B270C1B66,UNKNOWN,ENDPOINT_UNBOUND,False,,,,,,Table 1
probiotics-aad-prevention,34385227,JATS_TABLE,Wu et al31,AGENT_UNCONFIRMED,IDENTIFIED_NOT_POOLED,SCREEN_OR_ELIGIBILITY,PMC_OA_FULLTEXT,32944084,,comparator_ref_pmid,SYN-AB0199D1B101,UNKNOWN,,False,,,,,PMC7488247,Table 1
sacubitril-valsartan-hfref,36722326,JATS_TABLE,"McMurray, 2019",OTHER_AGENT,SCOPE_MISMATCH,SCOPE_MISMATCH,,10987628;14744970;17572925;17951284;18599344;19553646;20031870;20204386;20970202;20980548;21156879;21398642;21518742;22357361;22556322;23040488;23040716;23473396;23533715;23537812;23616602;24621874;25424969;26114442;26378978;28095900;28605608;28950419;29016744;29222139;29311992;29371333;29446769;29485006;29496021;29573529;29663436;30093883;30132036;30415602;30689697;30874766;30935417;30990260;31081589;31236801;31248555;31309699;31351553;31431051;31535829;31736328;31736335;31970162;31980166;32115470;32144994;32178931;32219386;32222134;32317958;32352644;32539224;32559474;32613148;32653447;32665641;32673497;32820334;32847602;32854852;32865377;32877652;32883108;32970396;33030307;33040613;33082245;33164553;33197559;33282811;33355302;33368858;33446410;33549554;33595593;33787831;33832352;33894597;33906372;34272791;34319398;34405863;34447992;34448003;34449189;34656466;34743554;34802253;34813630;34861151;34969498;35115084;35442064;35467935;35483792;35487320;35902157;35971840;36027570;36054568;36171554;36189985;36339117;36592046;36605072;36811901;36881399;36889650;37039015;37210608;37211977;37220172;37318419;37407113;37435053;37615988;37622666;37886880;38162132;38320525;38430085;38537918;38770818;40088234;40465275;41170566;42471097;8443896;9725923;9789568,NCT03036124;NCT04717986;NCT04780438;NCT05141552;NCT05344963;NCT05424315;NCT05565976;NCT05759000;NCT06668389;NCT06812546,comparator_ref_pmid;author_year_ref_list,NCT03036124,UNKNOWN,,True,,,,,PMC3603160;PMC3647286;PMC4269649;PMC5241961;PMC5836959;PMC5742117;PMC6055757;PMC6070601;PMC6444638;PMC6879440;PMC6964869;PMC6960132;PMC7840164;PMC7171590;PMC7315190;PMC7664959;PMC7550197;PMC7448518;PMC7580857;PMC7834909;PMC7689266;PMC8247863;PMC8126492;PMC9292627;PMC8455345;PMC8821017;PMC8610240;PMC9354593;PMC9508991;PMC9805158;PMC9516842;PMC9531084;PMC9627879;PMC9808115;PMC9947801;PMC10212584;PMC10290876;PMC10330719;PMC10450563;PMC10757621;PMC12138801;PMC12704667,Table 1
sacubitril-valsartan-hfref,36722326,JATS_TABLE,"Cosentino, 2020",OTHER_AGENT,SCOPE_MISMATCH,SCOPE_MISMATCH,,29693360;32966714;33026243;33665685;33694093;33721213;33769675;34497110;34620621;35233908;35266296;35596030;35603908;35691283;37003273;38770818,NCT01986881,comparator_ref_pmid;author_year_ref_list,NCT01986881,UNKNOWN,,True,,,,,PMC7717477;PMC8099851;PMC7994479;PMC8099972;PMC8252001;PMC8499340;PMC9314942;PMC10212814;PMC9501765,Table 1
sacubitril-valsartan-hfref,36722326,JATS_TABLE,"Packer, 2020",DRUG_MATCH,SCOPE_MISMATCH,SCOPE_MISMATCH,,18599344;20980548;21398642;23537812;25424969;26378978;28605608;29311992;29485006;30093883;30132036;30415602;30520545;30689697;30874766;30935417;31081589;31431051;31535829;31970162;32613148;32847602;32865377;32877652;32970396;33081531;33095032;33175585;33186500;33420498;33447845;33736819;33736821;33832352;34184057;34423361;34447992;34459213;34555929;34556318;34556320;34861151;34861154;34957660;35331406;35379503;35687107;35711093;36017745;36129693;36565199;36881400;36889650;37621153;37715769;37942680;38037709;38439582;38558314;38770818;39217550;8443896;9725923;9789568,NCT03057977;NCT04780438;NCT05141552;NCT05424315;NCT05580510;NCT06706791,comparator_ref_pmid;author_year_ref_list,NCT03036124,UNKNOWN,,True,,,,,PMC3647286;PMC4269649;PMC5742117;PMC6070601;PMC6444638;PMC6960132;PMC7315190;PMC7448518;PMC7834905;PMC7834910;PMC7834911;PMC7864599;PMC8014525;PMC7878007;PMC8126492;PMC8599078;PMC8599073;PMC8522627;PMC9303456;PMC9375711;PMC9769969;PMC9494272;PMC9973606;PMC10516173,Table 1
sacubitril-valsartan-hfref,36722326,JATS_TABLE,"Yusuf, 1991",AGENT_UNCONFIRMED,IDENTIFIED_NOT_POOLED,SCREEN_OR_ELIGIBILITY,UNPAYWALL_OA_COPY,2057034,,comparator_ref_pmid;author_year_ref_list,SYN-AE6C2DA0C7B0,UNKNOWN,,False,,,,,,Table 1
sacubitril-valsartan-hfref,36722326,JATS_TABLE,"Cohn, 2001",AGENT_UNCONFIRMED,IDENTIFIED_NOT_POOLED,SCREEN_OR_ELIGIBILITY,UNPAYWALL_OA_COPY,11759645,,comparator_ref_pmid;author_year_ref_list,SYN-896C48B5B83C,UNKNOWN,,False,,,,,,Table 1
sacubitril-valsartan-hfref,36722326,JATS_TABLE,"Granger, 2003",AGENT_UNCONFIRMED,IDENTIFIED_NOT_POOLED,SCREEN_OR_ELIGIBILITY,NONE_OPEN_PROBED,13678870,,comparator_ref_pmid;author_year_ref_list,SYN-C59EDEE8E817,UNKNOWN,,False,,,,,,Table 1
sacubitril-valsartan-hfref,36722326,JATS_TABLE,"McMurray, 2003",AGENT_UNCONFIRMED,IDENTIFIED_NOT_POOLED,SCREEN_OR_ELIGIBILITY,NONE_OPEN_PROBED,13678869,,comparator_ref_pmid;author_year_ref_list,SYN-CA2D40593506,UNKNOWN,,False,,,,,,Table 1
sacubitril-valsartan-hfref,36722326,JATS_TABLE,"McMurray, 2014",DRUG_MATCH,POOLED,POOLED,,10758967;11500748;12957437;18403758;19410718;20398860;20837938;21791539;22075468;22932717;23563576;24361242;24621999;24674997;25176015;25403646;25416329;25533774;25533966;2596992;26022006;26231885;26280447;26541915;26754626;26874390;26915374;27143684;27170530;27296397;27354044;27395349;27618854;27842179;27849566;27895026;27908347;28306757;28390780;28476564;28547861;28662936;28784687;29018174;29141857;29249422;29266804;29321131;29617523;29661699;29748349;29754651;30204280;30298996;30415601;30586432;30741494;30784673;30846338;31078482;31302043;31424503;31510768;31736342;31813280;31849164;32171764;32673497;32720404;33016100;33522249;33736819;33888245;33932120;34101002;34327735;34447992;35603665;36356631;36477809;36943907;37051752;37149565;37366061;37407154;38390793;38588927;38904251;39210725;39439294;39563094;40265590;40839760;41396086;6109902;7641357;7994859,NCT01035255;NCT03832660;NCT04853758;NCT05964738;NCT06704633,comparator_ref_pmid;author_year_ref_list,NCT01035255,UNKNOWN,,True,"Number of Participants That Had First Occurrence of the Composite Endpoint, Which is Defined as Either Cardiovascular (CV) Death or Heart Failure (HF) Hospitalization",NUMBER,up to 51 months,Full Analysis Set (FAS) included all randomized patients but the following two exclusions: 6 patients who did not qualify for randomization but were inadvertent,PMC7664959;PMC10944049;PMC11255700;PMC12582660,Table 1
sacubitril-valsartan-hfref,36722326,JATS_TABLE,"Tsutsui, 2021",DRUG_MATCH,IDENTIFIED_NOT_POOLED,SCREEN_OR_ELIGIBILITY,UNPAYWALL_OA_COPY,33731544,,comparator_ref_pmid;author_year_ref_list,SYN-90E48EB24FFA,UNKNOWN,,False,,,,,,Table 1
sacubitril-valsartan-hfref,36722326,JATS_TABLE,"Anker, 2021",OTHER_AGENT,SCOPE_MISMATCH,SCOPE_MISMATCH,,14744970;22357361;24621874;29496021;31081589;31535829;32222134;34449189;34693515;34779658;34790128;35331406;35603667;35670067;35687107;35762322;36017745;36027570;36098051;36129693;36478225;36614843;37223933;37621153;37942723;38037709;38158636;38439582;38558314;38770818;39046727;39895437;41493412,NCT03057951;NCT06612086;NCT06812546,comparator_ref_pmid;author_year_ref_list,NCT03036124,UNKNOWN,,True,,,,,PMC8763045;PMC8591217;PMC9375711;PMC9422757;PMC9769969;PMC9528945;PMC9494272;PMC9890225;PMC9820989;PMC10209829;PMC10516173;PMC10834334,Table 1
sacubitril-valsartan-hfref,36722326,JATS_TABLE,"Solomon, 2022",OTHER_AGENT,SCOPE_MISMATCH,SCOPE_MISMATCH,,20031870;21156879;21518742;22556322;23616602;31081589;31535829;33446410;33906372;34449189;34693515;34790128;35241246;36027570;36029465;36029467;36041668;36041669;36041912;36100197;36114137;36189985;36190011;36326604;36372069;36522606;36526515;36599553;36614843;36811901;36876483;36881399;36889870;37099283;37208998;37210608;37211977;37212168;37220093;37220172;37220822;37226448;37294244;37632455;37634087;37634707;37767674;37771274;37830208;37886880;37952176;38265835;38320525;39046727;39745404;39909641;40047763;40834567;40892613;41170566,NCT03619213;NCT05759000;NCT06612086,comparator_ref_pmid;author_year_ref_list,NCT03036124,UNKNOWN,,True,,,,,PMC8591217;PMC9815819;PMC9531084;PMC9531091;PMC9800271;PMC9820989;PMC9947801;PMC10134044;PMC10200027;PMC10484057;PMC10290876;PMC10200275;PMC10664793;PMC10641768;PMC10809142;PMC12704667,Table 1
sacubitril-valsartan-hfref,36722326,JATS_TABLE,"Yusuf, 2003",AGENT_UNCONFIRMED,IDENTIFIED_NOT_POOLED,SCREEN_OR_ELIGIBILITY,NONE_OPEN_PROBED,13678871,,comparator_ref_pmid;author_year_ref_list,SYN-AE4882C4E688,UNKNOWN,,False,,,,,,Table 1
sacubitril-valsartan-hfref,36722326,JATS_TABLE,"Cleland, 2006",AGENT_UNCONFIRMED,IDENTIFIED_NOT_POOLED,SCREEN_OR_ELIGIBILITY,NONE_OPEN_PROBED,16963472,,comparator_ref_pmid;author_year_ref_list,SYN-B7493EAB3003,UNKNOWN,,False,,,,,,Table 1
sacubitril-valsartan-hfref,36722326,JATS_TABLE,"Massie, 2008",OTHER_AGENT,SCOPE_MISMATCH,SCOPE_MISMATCH,,16230259;18279770;19001508;20142024;20231531;21068341;21350053;21715583;21750125;22064591;22267751;22887722;24864045;25225241;26067854;27317843;28052977;30871349;31370950;33301080;36632831;37350280;37366061;38904646;40494011,NCT00095238,comparator_ref_pmid;author_year_ref_list,NCT00095238,UNKNOWN,,True,,,,,PMC8318942,Table 1
sacubitril-valsartan-hfref,36722326,JATS_TABLE,"Solomon, 2019",DRUG_MATCH,SCOPE_MISMATCH,SCOPE_MISMATCH,,23747768;25415957;28662936;29890892;29980595;31302043;31475794;31726194;31736337;31736342;31806129;32192799;32241619;32731928;32845715;33189633;33628294;33714741;33727901;33839075;33866828;33888245;33998278;34097449;34392331;34796742;34807713;34918855;35483796;35603665;35603667;35717169;35895867;36050227;36632831;36647690;37225045;37350280;37366061;38104937;38390793;38537919;38841854;38842957;38904251;38932589;39193709;39210725;39212045;39217577;39387766;39439294;39570234;39873282;40088233;40265602;40839760,NCT01920711;NCT06629246,comparator_ref_pmid;author_year_ref_list,NCT01920711,INELIGIBLE,,True,,,,,PMC7895586;PMC7944492;PMC8649234;PMC8455346;PMC9075384;PMC9542636;PMC9206286;PMC10086974;PMC10944049;PMC11255700;PMC12208775;PMC12184571;PMC12582660,Table 1
semaglutide-obesity-mace,39345822,JATS_TABLE,"SCALEMaintenance25,38",OTHER_AGENT,NOT_IDENTIFIED,IDENTIFICATION,PMC_OA_FULLTEXT,19853906;21844879;23812094;23942319;26132939;26284720;26418188;26744025;26833744;27005405;27193270;27198973;27482610;27804269;27817208;28237263;28386912;28462892;28473337;28950422;29045079;29145215;35975210;39316288,NCT00422058;NCT00781937;NCT01272219;NCT01272232;NCT01557166,comparator_ref_pmid,,,,True,,,,,PMC3374073;PMC4010971;PMC6084344;PMC5069568;PMC4973216;PMC5069304;PMC5084798;PMC5129670;PMC5655710;PMC5836948;PMC5813214;PMC9354511;PMC11480186,Table 1.
semaglutide-obesity-mace,39345822,JATS_TABLE,"SCALEObesity and Prediabetes26,37",OTHER_AGENT,NOT_IDENTIFIED,IDENTIFICATION,PMC_OA_FULLTEXT,10534586;10741889;10811152;11191537;15204662;16925881;17105655;17167471;17320520;17360978;17845379;19502534;21114058;21172932;21508208;21925288;22085317;22276250;22526760;22535285;22636824;2305711;23229890;23429637;23443815;23731876;24392223;24681814;24880830;25197563;25202976;25402403;25907778;26007339;26060580;26106187;26132939;26418188;26641646;26744025;26833744;27165047;27193270;27198973;27482610;2748771;27574404;27783259;27804269;27817208;28237263;28386912;28462892;28494136;28660606;28950422;29045079;29145215;29177567;29581366;29897866;29921561;30003901;30324108;31613346;31952459;32352391;32992649;33240920;33346167;33761233;34347176;34409961;34775912;35871930;35975210;38098734;39316288;4048757;41118643;7080884;8594834,NCT01272219;NCT02616003;NCT05394779,comparator_ref_pmid,,,,True,,,,,PMC1647268;PMC3263194;PMC3872411;PMC4147362;PMC4408562;PMC4446786;PMC4427774;PMC5644856;PMC6084344;PMC5069568;PMC5069304;PMC5084798;PMC4990387;PMC5129670;PMC5655710;PMC5487285;PMC5836948;PMC5813214;PMC6030572;PMC6172294;PMC7226050;PMC7601687;PMC7683381;PMC8090472;PMC8882110;PMC12369211;PMC9354511;PMC10720313;PMC11480186;PMC12587017,Table 1.
semaglutide-obesity-mace,39345822,JATS_TABLE,SCALESleep Apnea 27,OTHER_AGENT,NOT_IDENTIFIED,IDENTIFICATION,PMC_OA_FULLTEXT,27005405;27482610;27817208;28386912;28473337;28950422,NCT01557166,comparator_ref_pmid,,,,True,,,,,PMC4973216;PMC5655710;PMC5836948,Table 1.
semaglutide-obesity-mace,39345822,JATS_TABLE,O‘Neil et al. 28 NCT02453711,DRUG_MATCH,NOT_IDENTIFIED,IDENTIFICATION,PMC_OA_FULLTEXT,18931095;19853906;19926371;22383694;24742478;24911038;25526642;26283739;28493926;28854085;29726082;30122305;33567185;33625476;33667417;33755728;35441470;35724304;36200477;36801984;36876594;37605636;38698650;39226070;39316288;40980163,NCT02453711;NCT03548935;NCT03548987;NCT03552757;NCT03611582;NCT04529278,comparator_ref_pmid;nct_in_table,,,,True,,,,,PMC2606836;PMC4272272;PMC5426620;PMC6099315;PMC9542252;PMC9862484;PMC10092593;PMC10090901;PMC11372653;PMC11480186;PMC12447996,Table 1.
semaglutide-obesity-mace,39345822,JATS_TABLE,STEP 1 29,DRUG_MATCH,POOLED,POOLED,,16415884;17434869;25471927;25673413;30104762;30122305;30124842;32916609;32923389;33567185;34693515;35175229;35373878;35441470;35565381;35658024;35724304;36200477;36294412;36738088;36801984;36876594;37085291;37952131;38698650;38740993;38796653;38888262;38893212;38967919;39093546;39181597;39217559;39222642;39226070;39316288;39480988;39608381;39882599;40140925;40156748;40285503;40437949;40980163;41138739;41433034;41806363;41928037;42610271,NCT03548935;NCT03574597;NCT07314528;NCT07653412,comparator_ref_pmid,NCT03574597,UNKNOWN,,True,"Participants From Time of Randomization to First Occurrence of a Composite Outcome Measure Consisting of: Cardiovascular (CV) Death, Non-fatal Myocardial Infarction (MI), or Non-fatal Stroke",COUNT_OF_PARTICIPANTS,From randomisation (week 0) up to 240 weeks,FAS included all randomised participants. All participants were analyzed according to the treatment to which they were assigned at randomisation.,PMC6128408;PMC9542252;PMC9862484;PMC10092593;PMC10090901;PMC11372653;PMC11480186;PMC12447996,Table 1.
semaglutide-obesity-mace,39345822,JATS_TABLE,STEP 3 30,DRUG_MATCH,NOT_IDENTIFIED,IDENTIFICATION,PMC_OA_FULLTEXT,30122305;33625476;35724304;36801984;38698650;39226070;39649679,NCT03611582;NCT07668765,comparator_ref_pmid,,,,True,,,,,PMC9862484;PMC10090901;PMC11372653;PMC11620716,Table 1.
semaglutide-obesity-mace,39345822,JATS_TABLE,STEP 4 35,DRUG_MATCH,NOT_IDENTIFIED,IDENTIFICATION,PMC_OA_FULLTEXT,30122305;33755728;35724304;36200477;37605636;38698650,NCT03548987,comparator_ref_pmid,,,,True,,,,,PMC9862484;PMC10092593,Table 1.
semaglutide-obesity-mace,39345822,JATS_TABLE,STEP 5 34,DRUG_MATCH,NOT_IDENTIFIED,IDENTIFICATION,PMC_OA_FULLTEXT,36216945;37605636;39226070,NCT03693430,comparator_ref_pmid,,,,True,,,,,PMC9556320;PMC11372653,Table 1.
semaglutide-obesity-mace,39345822,JATS_TABLE,STEP 6 32,DRUG_MATCH,NOT_IDENTIFIED,IDENTIFICATION,UNPAYWALL_OA_COPY,33667417;35131037;40189961,NCT03811574,comparator_ref_pmid,,,,True,,,,,,Table 1.
semaglutide-obesity-mace,39345822,JATS_TABLE,STEP 8 31,DRUG_MATCH,NOT_IDENTIFIED,IDENTIFICATION,PMC_OA_FULLTEXT,34775881;35015037;35791625,NCT04074161,comparator_ref_pmid,,,,True,,,,,PMC9805145,Table 1.
semaglutide-obesity-mace,39345822,JATS_TABLE,OASIS 1 36,DRUG_MATCH,NOT_IDENTIFIED,IDENTIFICATION,NONE_OPEN_PROBED,37385278,,comparator_ref_pmid,,,,False,,,,,,Table 1.
semaglutide-obesity-mace,39345822,JATS_TABLE,SELECT 18,DRUG_MATCH,POOLED,POOLED,,25671797;26898852;27296974;27633186;28052979;29129157;29364767;29402504;30878104;31662037;32916609;33567185;34170647;34647404;34693515;35175229;35259929;35373878;36372278;36738088;37952131;38740993;38796653;39181597;39217559;39222642;39480988;39536238;39608381;39882599;40156748;40702450;40886075;41138739;41392086;41433034;41500725;41928037;42610271,NCT03574597;NCT07190144;NCT07734792,comparator_ref_pmid,NCT01720446,UNKNOWN,,True,"Participants From Time of Randomization to First Occurrence of a Composite Outcome Measure Consisting of: Cardiovascular (CV) Death, Non-fatal Myocardial Infarction (MI), or Non-fatal Stroke",COUNT_OF_PARTICIPANTS,From randomisation (week 0) up to 240 weeks,FAS included all randomised participants. All participants were analyzed according to the treatment to which they were assigned at randomisation.,,Table 1.
semaglutide-obesity-mace,39345822,JATS_TABLE,STEP 7 33,DRUG_MATCH,NOT_IDENTIFIED,IDENTIFICATION,NONE_OPEN_PROBED,38330988,NCT04251156,comparator_ref_pmid,,,,True,,,,,,Table 1.
semaglutide-obesity-mace,39345822,JATS_TABLE,SURMOUNT-1 39,DRUG_MATCH,NOT_IDENTIFIED,IDENTIFICATION,PMC_OA_FULLTEXT,16415884;17434869;25471927;25673413;30104762;30124842;33567185;35658024;37700443;38314555;39084707;39497468;39536238;39800653;40512543;40550133;40659850;40677091;40717199;41187013;41537305;41612966;41885866;42233927;42348366,NCT04184622;NCT07653412,comparator_ref_pmid,,,,True,,,,,PMC6128408;PMC10956672;PMC11420724;PMC11701187;PMC12096058;PMC12591676;PMC12532576;PMC12326891;PMC12381612;PMC12724063;PMC12933222;PMC12933229;PMC13022736;PMC13448863,Table 1.
semaglutide-obesity-mace,39345822,JATS_TABLE,SURMOUNT-3 17,OTHER_AGENT,NOT_IDENTIFIED,IDENTIFICATION,PMC_OA_FULLTEXT,37840095;40717199;41187013;41537305;41640675;41885866,NCT04657016,comparator_ref_pmid,,,,True,,,,,PMC10667099;PMC12381612;PMC12724063;PMC12933222;PMC12865613;PMC13022736,Table 1.
semaglutide-obesity-mace,39345822,JATS_TABLE,SURMOUNT-4 16,OTHER_AGENT,NOT_IDENTIFIED,IDENTIFICATION,PMC_OA_FULLTEXT,38078870;39800653;40717199;40903801;41187013;41284285;41640675;41885866,NCT04660643,comparator_ref_pmid,,,,True,,,,,PMC12096058;PMC12381612;PMC12559773;PMC12724063;PMC12645400;PMC12865613;PMC13022736,Table 1.
semaglutide-obesity-weight,42536519,JATS_TABLE,"Rubino, 2021",DRUG_MATCH,NOT_IDENTIFIED,IDENTIFICATION,AACT_RESULTS,30122305;33755728;35724304;36200477;37605636;38698650,NCT03548987,comparator_ref_pmid;author_year_ref_list,,,,True,Change From Randomisation to Week 68 in Body Weight (%),MEAN,Randomisation (week 20) to week 68,Overall number of participants analyzed = FAS which comprised all randomised participants. Number Analyzed = participants with available data.,PMC9862484;PMC10092593,Table 1
semaglutide-obesity-weight,42536519,JATS_TABLE,"Wadden, 2021",DRUG_MATCH,POOLED,POOLED,,30122305;33625476;35724304;36801984;38698650;39226070;39649679,NCT03611582;NCT07668765,comparator_ref_pmid;author_year_ref_list,NCT03611582,ELIGIBLE,,True,Change in Body Weight (%),MEAN,Baseline (week 0) to week 68,Overall number of participants analyzed = full analysis set (FAS) which comprised all randomized participants. Number Analyzed = number of participants with ava,PMC9862484;PMC10090901;PMC11372653;PMC11620716,Table 1
semaglutide-obesity-weight,42536519,JATS_TABLE,"Wilding, 2021",DRUG_MATCH,POOLED,POOLED,,16415884;17434869;25471927;25673413;30104762;30122305;30124842;32916609;32923389;33567185;34693515;35175229;35373878;35441470;35565381;35658024;35724304;36200477;36294412;36738088;36801984;36876594;37085291;37952131;38698650;38740993;38796653;38888262;38893212;38967919;39093546;39181597;39217559;39222642;39226070;39316288;39480988;39608381;39882599;40140925;40156748;40285503;40437949;40980163;41138739;41433034;41806363;41928037;42610271,NCT03548935;NCT03574597;NCT07314528;NCT07653412,comparator_ref_pmid;author_year_ref_list,NCT03548935,ELIGIBLE,,True,Change in Body Weight (%),MEAN,Baseline (week 0) to week 68,Overall number of participants analyzed = full analysis set (FAS) which comprised all randomized participants. Number Analyzed = number of participants with ava,PMC6128408;PMC9542252;PMC9862484;PMC10092593;PMC10090901;PMC11372653;PMC11480186;PMC12447996,Table 1
sglt2-ckd-progression,41203232,REFERENCE_SEED,Dapagliflozin and Cardiovascular Outcomes in Type 2 Diabetes.,DRUG_MATCH,POOLED,POOLED,,23537812;25081992;26378978;26981940;27009868;27408945;27470878;28605608;28606345;29311992;29693360;29898853;30093883;30132036;30415602;30559238;30862658;30874766;30882238;30882239;30990260;31196815;31431051;31474116;31535829;31843945;31970162;31983236;32613148;32795086;32847602;32865377;32877652;32970396;33611623;33653824;33851953;34129237;34233928;34427295;35015847;35510542;35857296;35997319;36857035;36878239;38770818;40952180;9725923,NCT01730534;NCT04780438;NCT04906213;NCT05344963;NCT05477017,comparator_ref_pmid,NCT02065791,ELIGIBLE,,True,Subjects Included in the Renal Composite Endpoint: Confirmed Sustained ≥40% Decrease in eGFR to eGFR <60 ml/Min/1.73m2 and/or ESRD and/or Renal or CV Death.,COUNT_OF_PARTICIPANTS,up to 5.2 years,,PMC3647286;PMC5742117;PMC6070601;PMC6960132;PMC7315190;PMC7448518;PMC8364727;PMC8385472;PMC9862307;PMC12719846,reference_seed
sglt2-ckd-progression,41203232,REFERENCE_SEED,Empagliflozin after Acute Myocardial Infarction.,DRUG_MATCH,NOT_IDENTIFIED,IDENTIFICATION,PMC_OA_FULLTEXT,38581389;38587237;38588929,NCT04509674,comparator_ref_pmid,,,,True,,,,,PMC11115458,reference_seed
sglt2-ckd-progression,41203232,REFERENCE_SEED,Canagliflozin and Cardiovascular and Renal Events in Type 2 Diabetes.,DRUG_MATCH,POOLED,POOLED,,10987628;17951284;18599344;19553646;20980548;21398642;23040488;23473396;23533715;23537812;23895803;24517339;24786834;25081992;25424969;25468945;26081793;26121561;26378978;26580237;26981940;27470878;28605608;28606345;29103664;29133604;29311992;29526832;29693360;29937267;29941478;30093883;30132036;30415602;30559238;30591006;30689697;30862658;30874766;30882240;30935417;30990260;31399845;31431051;31535829;31676303;31843945;31970162;32613148;32665641;32691499;32694216;32847602;32865377;32877652;32970396;32971190;33121714;33158949;33595905;33826709;34448033;34876454;35115099;35724306;35938182;36443792;36889650;37120538;37149821;37345834;37543256;37671609;38240199;38770818;38807510;38932575;39014523;39844714;40105285;40239057;40375260;40689549;41196655;41198855;41926219;42471097;8443896;9725923;9789568,NCT01032629;NCT01989754;NCT04717986;NCT04780438;NCT04906213;NCT05424315;NCT05477017,comparator_ref_pmid,NCT02065791,ELIGIBLE,,True,Change From Baseline in Estimated Glomerular Filtration Rate (eGFR) at End-of-Treatment,LEAST_SQUARES_MEAN,Baseline and end of treatment (approximately 338 weeks),On-treatment analysis set included all randomized participants who received at least 1 dose of study drug. Here 'N' (number of participants analyzed) signifies ,PMC3603160;PMC3647286;PMC4269649;PMC5742117;PMC6070601;PMC6444638;PMC6960132;PMC7315190;PMC7448518,reference_seed
sglt2-ckd-progression,41203232,REFERENCE_SEED,Empagliflozin in Patients with Chronic Kidney Disease.,DRUG_MATCH,POOLED,POOLED,,31939531;32778748;34074889;35472672;36331190;38061371;38061372;38082486;38622766;38770818;39453837;40179340;40658498;40686671;41047325;41196655,NCT03594110,comparator_ref_pmid,NCT03594110,ELIGIBLE,,True,Interventional Part: Time to First Occurrence of Kidney Disease Progression or Cardiovascular Death ('as Adjudicated'),NUMBER,"From the day of randomisation to the day of the final follow-up visit in the interventional part of the trial, up to 1136 days.","Randomised set (RS) included all randomised participants, whether treated or not.",,reference_seed
sglt2-ckd-progression,41203232,REFERENCE_SEED,Dapagliflozin in Myocardial Infarction without Diabetes or Heart Failure.,DRUG_MATCH,NOT_IDENTIFIED,IDENTIFICATION,UNPAYWALL_OA_COPY,37648579;38320489,NCT04564742,comparator_ref_pmid,,,,True,,,,,,reference_seed
sglt2-ckd-progression,41203232,REFERENCE_SEED,Dapagliflozin in Heart Failure with Mildly Reduced or Preserved Ejection Fraction.,DRUG_MATCH,IDENTIFIED_NOT_POOLED,SCREEN_OR_ELIGIBILITY,PMC_OA_FULLTEXT,20031870;21156879;21518742;22556322;23616602;31081589;31535829;33446410;33906372;34449189;34693515;34790128;35241246;36027570;36029465;36029467;36041668;36041669;36041912;36100197;36114137;36189985;36190011;36326604;36372069;36522606;36526515;36599553;36614843;36811901;36876483;36881399;36889870;37099283;37208998;37210608;37211977;37212168;37220093;37220172;37220822;37226448;37294244;37632455;37634087;37634707;37767674;37771274;37830208;37886880;37952176;38265835;38320525;39046727;39745404;39909641;40047763;40834567;40892613;41170566,NCT03619213;NCT05759000;NCT06612086,comparator_ref_pmid,NCT03036124,UNKNOWN,,True,,,,,PMC8591217;PMC9815819;PMC9531084;PMC9531091;PMC9800271;PMC9820989;PMC9947801;PMC10134044;PMC10200027;PMC10484057;PMC10290876;PMC10200275;PMC10664793;PMC10641768;PMC10809142;PMC12704667,reference_seed
sglt2-ckd-progression,41203232,REFERENCE_SEED,Dapagliflozin in Patients with Chronic Kidney Disease.,DRUG_MATCH,POOLED,POOLED,,15851648;15963399;16177006;17533019;17978307;19571790;19571791;20607462;21440872;21606384;21852672;21885793;22980301;23537812;24029421;24557146;25018935;25585823;26158396;26240596;26378978;26630142;27440829;27659469;28341274;28605608;28763548;29311992;30093883;30132036;30177015;30415602;30874766;31212638;31431051;31535829;31939531;31970162;32139695;32409237;32559465;32613148;32709292;32778748;32847602;32862232;32865377;32877652;32889014;32970396;32998816;33023926;33186054;33338413;34183431;34446370;34447992;34619106;34619108;35241246;35445820;35497805;35977807;36323444;36414316;36469914;36607775;37071317;37103935;37119064;37772889;37872654;37876229;38097862;38299639;38320128;38564654;38580424;38622766;38770818;39475817;40526444;40658498;40679863;41128261;41926219;9100040;9725923,NCT03036150;NCT04662723;NCT04780438;NCT04806633;NCT06442280,comparator_ref_pmid,NCT03036124,UNKNOWN,,True,Time to the First Occurrence of Any of the Components of the Composite: ≥50% Sustained Decline in eGFR or Reaching ESRD or CV Death or Renal Death.,COUNT_OF_PARTICIPANTS,Up to 38.2 months,For the primary endpoint the Full Analysis Set was used. This included all patients who were randomized to study treatment. Patients were analyzed according to ,PMC3647286;PMC5742117;PMC6070601;PMC6960132;PMC7315190;PMC7448518,reference_seed
sglt2-ckd-progression,41203232,REFERENCE_SEED,Effect of Empagliflozin on the Clinical Stability of Patients With Heart Failure and a Reduced Ejection Fraction: The EMPEROR-Reduced Trial.,DRUG_MATCH,NOT_IDENTIFIED,IDENTIFICATION,AACT_RESULTS,31081589;32865377;33081531;33095032;33175585;33420498;33736819;33736821;34184057;34423361;34459213;34556318;34556320;34861151;34861154;34957660;35331406;35687107;35711093;36017745;36129693;36565199;36881400;37621153;37715769;37942680;38037709;38439582;38558314;38770818;39217550,NCT03057977,comparator_ref_pmid,,,,True,eGFR (CKD-EPI) cr Slope of Change From Baseline,MEAN,"Assessed at baseline, week 4, 12, 32, 52, 76, 100, 124, 148 and at end of treatment (EOT), up to 1040 days.",Treated Set (TS): All patients treated with at least one dose of the study medication and at least one on-treatment measurement of eGFR.,PMC7834905;PMC7834910;PMC7834911;PMC8014525;PMC8599078;PMC8599073;PMC8522627;PMC9303456;PMC9375711;PMC9769969;PMC9494272;PMC9973606;PMC10516173,reference_seed
sglt2-ckd-progression,41203232,REFERENCE_SEED,Canagliflozin and Renal Outcomes in Type 2 Diabetes and Nephropathy.,DRUG_MATCH,POOLED,POOLED,,10987628;11238785;11304102;11565517;11565518;11832527;12684357;15273542;15380496;15632335;16120818;16188903;17951284;18430778;18435772;18701613;19420913;19553646;19808241;19954692;20150934;20700413;20876408;21602457;21693741;21931075;22187472;22723580;23040488;23288372;23362314;23473396;23533715;24149519;24356416;25352176;25405560;26369473;26378978;26450931;27189354;27222547;27222550;27263398;27665150;27927587;28077412;28199805;28522654;28549834;28605608;28606345;28755274;29133606;29253846;29335242;29532078;29568103;30083761;30251143;30415602;30443719;30559238;30990260;31104957;31291786;31331758;31535829;31707795;31726864;31753796;31843945;32354987;32665641;32930969;33263893;33340064;33358942;33554616;33619120;33826709;33874750;34029680;35063969;35929472;35938182;36302584;36889425;36999981;37120538;37345834;37438734;37603600;37671609;37872654;37876229;38099944;38240199;38401646;38622766;38770818;38807510;38932575;39704168;39844714;40105285;40239057;40375260;40526444;40658498;40663401;40689549;41196655;41198855;41817689;41926219;42471097;7010165;8243850,NCT02065791;NCT04626323;NCT04717986;NCT05477017,comparator_ref_pmid,NCT02065791,ELIGIBLE,,True,"Primary Composite Endpoint of Doubling of Serum Creatinine (DoSC), End-stage Kidney Disease (ESKD), and Renal or Cardiovascular (CV) Death",NUMBER,Up to 4.6 years,The Intent-to-treat (ITT) population consisted of all randomized participants.,PMC3603160,reference_seed
sglt2-ckd-progression,41203232,REFERENCE_SEED,"Empagliflozin, Cardiovascular Outcomes, and Mortality in Type 2 Diabetes.",DRUG_MATCH,POOLED,POOLED,,10029125;10421594;10987628;11358934;11641288;11742883;17951284;18497732;18599344;19553646;20139923;20980548;21329845;21398642;21430088;23040488;23473396;23533715;23537812;23624546;23668478;23735727;23743396;24144654;24323912;24334175;24943000;25424969;25660150;25869408;26161452;26180105;26321369;26371721;26378978;26696682;27295427;27299675;27651331;27787699;27802313;27822054;28096045;28386035;28402411;28605608;28666775;28904068;29203583;29311992;29693360;29777264;30093883;30132036;30415602;30586757;30689697;30767353;30874766;30885684;30935417;30990260;31163986;31295358;31431051;31495881;31535829;31970162;32133741;32326806;32369546;32485734;32613148;32618884;32665641;32847602;32865377;32877652;32893717;32970396;32994159;33004464;33050931;33217335;33243221;33754809;34129237;34325887;34463409;34555929;34558768;34752913;35005582;35166009;35379503;35472672;36700391;36889650;37021137;37449424;38419787;38770818;38992713;39026628;3965165;40008510;41198855;42226732;42471097;8403292;8443896;9725923;9789568,NCT01131676;NCT03878706;NCT03917758;NCT04717986;NCT04739215;NCT04780438;NCT05424315;NCT06706791,comparator_ref_pmid,NCT02065791,ELIGIBLE,,True,,,,,PMC3603160;PMC3647286;PMC4269649;PMC5742117;PMC6070601;PMC6444638;PMC6960132;PMC7315190;PMC7448518;PMC8364727,reference_seed
sglt2-ckd-progression,41203232,REFERENCE_SEED,Empagliflozin in Heart Failure with a Preserved Ejection Fraction.,DRUG_MATCH,IDENTIFIED_NOT_POOLED,SCREEN_OR_ELIGIBILITY,AACT_RESULTS,14744970;22357361;24621874;29496021;31081589;31535829;32222134;34449189;34693515;34779658;34790128;35331406;35603667;35670067;35687107;35762322;36017745;36027570;36098051;36129693;36478225;36614843;37223933;37621153;37942723;38037709;38158636;38439582;38558314;38770818;39046727;39895437;41493412,NCT03057951;NCT06612086;NCT06812546,comparator_ref_pmid,NCT03036124,UNKNOWN,,True,eGFR (CKD-EPI) cr Slope of Change From Baseline,MEAN,"At baseline, week 4, 12, 32, 52, 76, 100, 124, 148, 172 and week 196, up to 1043 days.",Only patients included in the treated set (TS) and with available data for this endpoint.,PMC8763045;PMC8591217;PMC9375711;PMC9422757;PMC9769969;PMC9528945;PMC9494272;PMC9890225;PMC9820989;PMC10209829;PMC10516173;PMC10834334,reference_seed
sglt2-ckd-progression,41203232,REFERENCE_SEED,Dapagliflozin in Patients with Heart Failure and Reduced Ejection Fraction.,DRUG_MATCH,POOLED,POOLED,,10987628;14744970;17572925;17951284;18599344;19553646;20031870;20204386;20970202;20980548;21156879;21398642;21518742;22357361;22556322;23040488;23040716;23473396;23533715;23537812;23616602;24621874;25424969;26114442;26378978;28095900;28605608;28950419;29016744;29222139;29311992;29371333;29446769;29485006;29496021;29573529;29663436;30093883;30132036;30415602;30689697;30874766;30935417;30990260;31081589;31236801;31248555;31309699;31351553;31431051;31535829;31736328;31736335;31970162;31980166;32115470;32144994;32178931;32219386;32222134;32317958;32352644;32539224;32559474;32613148;32653447;32665641;32673497;32820334;32847602;32854852;32865377;32877652;32883108;32970396;33030307;33040613;33082245;33164553;33197559;33282811;33355302;33368858;33446410;33549554;33595593;33787831;33832352;33894597;33906372;34272791;34319398;34405863;34447992;34448003;34449189;34656466;34743554;34802253;34813630;34861151;34969498;35115084;35442064;35467935;35483792;35487320;35902157;35971840;36027570;36054568;36171554;36189985;36339117;36592046;36605072;36811901;36881399;36889650;37039015;37210608;37211977;37220172;37318419;37407113;37435053;37615988;37622666;37886880;38162132;38320525;38430085;38537918;38770818;40088234;40465275;41170566;42471097;8443896;9725923;9789568,NCT03036124;NCT04717986;NCT04780438;NCT05141552;NCT05344963;NCT05424315;NCT05565976;NCT05759000;NCT06668389;NCT06812546,comparator_ref_pmid,NCT02065791,ELIGIBLE,,True,"Subjects Included in the Composite Endpoint of ≥50% Sustained Decline in eGFR, ESRD or Renal Death.",COUNT_OF_PARTICIPANTS,Up to 27.8 months.,,PMC3603160;PMC3647286;PMC4269649;PMC5241961;PMC5836959;PMC5742117;PMC6055757;PMC6070601;PMC6444638;PMC6879440;PMC6964869;PMC6960132;PMC7840164;PMC7171590;PMC7315190;PMC7664959;PMC7550197;PMC7448518;PMC7580857;PMC7834909;PMC7689266;PMC8247863;PMC8126492;PMC9292627;PMC8455345;PMC8821017;PMC8610240;PMC9354593;PMC9508991;PMC9805158;PMC9516842;PMC9531084;PMC9627879;PMC9808115;PMC9947801;PMC10212584;PMC10290876;PMC10330719;PMC10450563;PMC10757621;PMC12138801;PMC12704667,reference_seed
sglt2-hfref-hosp-cvdeath,35112512,JATS_TABLE,DAPA‐HF (n = 4744),DRUG_MATCH,NOT_IDENTIFIED,IDENTIFICATION,PMC_OA_FULLTEXT,28231831;29301520;30231923;34620556;34991562;37268640;42498959,NCT02383238,acronym_aact:DAPA,,,,False,,,,,PMC5324272;PMC5753452;PMC6146516;PMC8740418;PMC10238522;PMC13401296,Table 1
sglt2-hfref-hosp-cvdeath,35112512,JATS_TABLE,EMPEROR‐Preserved (n = 5988),AGENT_UNCONFIRMED,UNRESOLVED,UNRESOLVED_IDENTITY,,,,,,,,False,,,,,,Table 1
sglt2-hfref-hosp-cvdeath,35112512,JATS_TABLE,EMPEROR‐Reduced (n = 3730),AGENT_UNCONFIRMED,UNRESOLVED,UNRESOLVED_IDENTITY,,,,,,,,False,,,,,,Table 1
sglt2-hfref-hosp-cvdeath,35112512,JATS_TABLE,SOLOIST‐WHF (n = 1222),AGENT_UNCONFIRMED,UNRESOLVED,UNRESOLVED_IDENTITY,,,,,,,,False,,,,,,Table 1
sglt2-primary-prevention-hf,33519713,JATS_TABLE,Zinman (8),DRUG_MATCH,POOLED,POOLED,,25081992;26981940;27470878;28605608;30415602;30862658,NCT04906213,comparator_ref_pmid,NCT01730534,UNKNOWN,,False,,,,,,Table 1
sglt2-primary-prevention-hf,33519713,JATS_TABLE,Radholm (9),DRUG_MATCH,POOLED,POOLED,,23895803;24517339;24786834;25468945;26081793;26121561;26580237;28605608;29103664;29133604;29526832;29693360;29937267;29941478;30591006;30882240;31399845;31676303;32691499;32694216;32971190;33121714;33158949;33595905;33826709;34448033;34876454;35115099;35724306;35938182;36443792;37120538;37149821;37345834;37543256;37671609;38240199;38770818;38807510;38932575;39014523;39844714;40105285;40239057;40375260;40689549;41196655;41198855;41926219,NCT01032629;NCT01989754,comparator_ref_pmid,SYN-C880F84165D0,UNKNOWN,,True,Composite of Cardiovascular (CV) Death Events or Hospitalization for Heart Failure,NUMBER,Approximately 3 years,ITT population included all participants who were randomized.,,Table 1
sglt2-primary-prevention-hf,33519713,JATS_TABLE,McMurray (10),DRUG_MATCH,POOLED,POOLED,,10987628;14744970;17572925;17951284;18599344;19553646;20031870;20204386;20970202;20980548;21156879;21398642;21518742;22357361;22556322;23040488;23040716;23473396;23533715;23537812;23616602;24621874;25424969;26114442;26378978;28095900;28605608;28950419;29016744;29222139;29311992;29371333;29446769;29485006;29496021;29573529;29663436;30093883;30132036;30415602;30689697;30874766;30935417;30990260;31081589;31236801;31248555;31309699;31351553;31431051;31535829;31736328;31736335;31970162;31980166;32115470;32144994;32178931;32219386;32222134;32317958;32352644;32539224;32559474;32613148;32653447;32665641;32673497;32820334;32847602;32854852;32865377;32877652;32883108;32970396;33030307;33040613;33082245;33164553;33197559;33282811;33355302;33368858;33446410;33549554;33595593;33787831;33832352;33894597;33906372;34272791;34319398;34405863;34447992;34448003;34449189;34656466;34743554;34802253;34813630;34861151;34969498;35115084;35442064;35467935;35483792;35487320;35902157;35971840;36027570;36054568;36171554;36189985;36339117;36592046;36605072;36811901;36881399;36889650;37039015;37210608;37211977;37220172;37318419;37407113;37435053;37615988;37622666;37886880;38162132;38320525;38430085;38537918;38770818;40088234;40465275;41170566;42471097;8443896;9725923;9789568,NCT03036124;NCT04717986;NCT04780438;NCT05141552;NCT05344963;NCT05424315;NCT05565976;NCT05759000;NCT06668389;NCT06812546,comparator_ref_pmid,NCT01131676,UNKNOWN,,True,,,,,PMC3603160;PMC3647286;PMC4269649;PMC5241961;PMC5836959;PMC5742117;PMC6055757;PMC6070601;PMC6444638;PMC6879440;PMC6964869;PMC6960132;PMC7840164;PMC7171590;PMC7315190;PMC7664959;PMC7550197;PMC7448518;PMC7580857;PMC7834909;PMC7689266;PMC8247863;PMC8126492;PMC9292627;PMC8455345;PMC8821017;PMC8610240;PMC9354593;PMC9508991;PMC9805158;PMC9516842;PMC9531084;PMC9627879;PMC9808115;PMC9947801;PMC10212584;PMC10290876;PMC10330719;PMC10450563;PMC10757621;PMC12138801;PMC12704667,Table 1
sglt2-primary-prevention-hf,33519713,JATS_TABLE,Cannon (11),DRUG_MATCH,POOLED,POOLED,,29693360;32966714;33026243;33665685;33694093;33721213;33769675;34497110;34620621;35233908;35266296;35596030;35603908;35691283;37003273;38770818,NCT01986881,comparator_ref_pmid,NCT01986881,ELIGIBLE,,True,Time to Occurrence of Cardiovascular (CV) Death or Hospitalization for Heart Failure (HHF) (On-Study Approach) (Overall Cardiovascular Study),NUMBER,Up to approximately 6 years,The analysis population included all randomized participants.,PMC7717477;PMC8099851;PMC7994479;PMC8099972;PMC8252001;PMC8499340;PMC9314942;PMC10212814;PMC9501765,Table 1
sglt2-primary-prevention-hf,33519713,JATS_TABLE,Wiviott (17),DRUG_MATCH,POOLED,POOLED,,23537812;25081992;26378978;26981940;27009868;27408945;27470878;28605608;28606345;29311992;29693360;29898853;30093883;30132036;30415602;30559238;30862658;30874766;30882238;30882239;30990260;31196815;31431051;31474116;31535829;31843945;31970162;31983236;32613148;32795086;32847602;32865377;32877652;32970396;33611623;33653824;33851953;34129237;34233928;34427295;35015847;35510542;35857296;35997319;36857035;36878239;38770818;40952180;9725923,NCT01730534;NCT04780438;NCT04906213;NCT05344963;NCT05477017,comparator_ref_pmid,NCT01131676,UNKNOWN,,True,,,,,PMC3647286;PMC5742117;PMC6070601;PMC6960132;PMC7315190;PMC7448518;PMC8364727;PMC8385472;PMC9862307;PMC12719846,Table 1
sglt2-primary-prevention-hf,33519713,JATS_TABLE,Kosiborod (18),DRUG_MATCH,NOT_IDENTIFIED,IDENTIFICATION,NONE_OPEN_PROBED,28284707,,comparator_ref_pmid,,,,False,,,,,,Table 1
sglt2-primary-prevention-hf,33519713,JATS_TABLE,Isreb (19),DRUG_MATCH,NOT_IDENTIFIED,IDENTIFICATION,UNPAYWALL_OA_COPY,31509682,,comparator_ref_pmid,,,,False,,,,,,Table 1
sglt2-primary-prevention-hf,33519713,JATS_TABLE,Packer (20),DRUG_MATCH,POOLED,POOLED,,18599344;20980548;21398642;23537812;25424969;26378978;28605608;29311992;29485006;30093883;30132036;30415602;30520545;30689697;30874766;30935417;31081589;31431051;31535829;31970162;32613148;32847602;32865377;32877652;32970396;33081531;33095032;33175585;33186500;33420498;33447845;33736819;33736821;33832352;34184057;34423361;34447992;34459213;34555929;34556318;34556320;34861151;34861154;34957660;35331406;35379503;35687107;35711093;36017745;36129693;36565199;36881400;36889650;37621153;37715769;37942680;38037709;38439582;38558314;38770818;39217550;8443896;9725923;9789568,NCT03057977;NCT04780438;NCT05141552;NCT05424315;NCT05580510;NCT06706791,comparator_ref_pmid,NCT01131676,UNKNOWN,,True,Time to the First Event of Adjudicated Cardiovascular (CV) Death or Adjudicated Hospitalisation for Heart Failure (HHF),NUMBER,"From randomisation until completion of the planned treatment period, up to 1040 days.",Randomised Set: All randomised patients.,PMC3647286;PMC4269649;PMC5742117;PMC6070601;PMC6444638;PMC6960132;PMC7315190;PMC7448518;PMC7834905;PMC7834910;PMC7834911;PMC7864599;PMC8014525;PMC7878007;PMC8126492;PMC8599078;PMC8599073;PMC8522627;PMC9303456;PMC9375711;PMC9769969;PMC9494272;PMC9973606;PMC10516173,Table 1
spironolactone-hfref-mortality,40959489,JATS_TABLE,RALES1999,DRUG_MATCH,UNRESOLVED,UNRESOLVED_IDENTITY,,,,,,,,False,,,,,,Table 1
spironolactone-hfref-mortality,40959489,JATS_TABLE,EPHESUS2003,DRUG_MATCH,UNRESOLVED,UNRESOLVED_IDENTITY,,,,,,,,False,,,,,,Table 1
spironolactone-hfref-mortality,40959489,JATS_TABLE,EMPHASIS-HF2011,DRUG_MATCH,POOLED,POOLED,,20388647;21073363;23042980;23625945;23810881;24297687;29997240;31072582;31584516;33107592;33893561;34129365;35021200;35867859;37642608,NCT00232180,acronym_aact:EMPHASIS-HF2011,NCT00232180,INELIGIBLE,,True,Number of Participants With First Occurrence of All-Cause Mortality or Heart Failure (HF) Hospitalization (Adjudicated),NUMBER,"Baseline (30 March 2006) up to 50 months (cut-off date: 25 May 2010), 59.5 months (complete DB phase: 18 March 2011)","""FAS using ITT principle: All randomized participants, followed for mortality and other major endpoints for the duration of the double blind treatment period, r",,Table 1
spironolactone-hfref-mortality,40959489,JATS_TABLE,Aldo-DHF2013,DRUG_MATCH,UNRESOLVED,UNRESOLVED_IDENTITY,,,,,,,,False,,,,,,Table 1
spironolactone-hfref-mortality,40959489,JATS_TABLE,TOPCAT2014,DRUG_MATCH,NOT_IDENTIFIED,IDENTIFICATION,AACT_RESULTS,19850207;23258572;24249049;24716680;25122186;25406305;25648577;25782985;26130119;26374849;26475142;26962133;27039126;27056882;28322009;28359411;28637881;29094152;29148144;29228101;29501806;29664406;30007557;30140899;30571191;30571192;30819379;30871349;31214914;31220936;31230508;31370950;31606361;31779923;31957468;32160420;32387067;32583288;32919912;33097408;33107592;33231108;33257457;33301080;33438360;33791916;33901053;34150872;34195237;34325519;34465123;34671652;35087875;35219761;35603667;35606228;35636727;35867859;35990945;36037830;36061551;36632831;36864701;37078691;37282653;37366061;38319229;38776640;39251903;39484118;40089312;40414280;40841122;40892478;41125402;41740242;42283669,NCT00094302,acronym_aact:TOPCAT2014,,,,True,All-cause Mortality,NUMBER,"Randomization through each subject's last semi-annual visit, up to a maximum of 6 years per subject.","All Participants who were randomized were included in the analysis. The analysis was Intention to Treat, meaning all participants were analyzed based on their i",PMC6978290;PMC6662372;PMC7261552;PMC7716870;PMC8318942;PMC8006665;PMC8213199;PMC8236532;PMC8475710;PMC8520937;PMC8787078;PMC9386382;PMC9433697;PMC10192244;PMC10228603;PMC11382427;PMC11522750;PMC12410661;PMC12548596;PMC12955119,Table 1
spironolactone-hfref-mortality,40959489,JATS_TABLE,FIGARO-DKD2022,OTHER_AGENT,UNRESOLVED,UNRESOLVED_IDENTITY,,,,,,,,False,,,,,,Table 1
spironolactone-hfref-mortality,40959489,JATS_TABLE,FIDELIO-DKD2020,OTHER_AGENT,UNRESOLVED,UNRESOLVED_IDENTITY,,,,,,,,False,,,,,,Table 1
spironolactone-hfref-mortality,40959489,JATS_TABLE,FINEARTS-HF2024,OTHER_AGENT,IDENTIFIED_NOT_POOLED,SCREEN_OR_ELIGIBILITY,AACT_RESULTS,41364043;41642173,NCT04435626,acronym_our_family:NCT04435626,NCT04435626,UNKNOWN,,True,Occurence of All-cause Mortality (Full Analysis Set),COUNT_OF_PARTICIPANTS,"From randomization until end of study, with an average of 32 months",Full analysis set (FAS),,Table 1
spironolactone-hfref-mortality,40959489,JATS_TABLE,ARTS-HF2013,DRUG_MATCH,SCOPE_MISMATCH,SCOPE_MISMATCH,,25678098;27130705;33107592;40938666,NCT01807221,acronym_aact:ARTS-HF2013,,,,True,,,,,PMC4946749;PMC12890010,Table 1
statins-primary-prevention-elderly,39076238,JATS_TABLE,"Lemaitre et al. [24], 2002 (USA)",AGENT_UNCONFIRMED,NOT_IDENTIFIED,IDENTIFICATION,PUBMED_ABSTRACT_OUTCOME,12076239,,comparator_ref_pmid,,,,False,,,,,,Table 1.
statins-primary-prevention-elderly,39076238,JATS_TABLE,"Alpérovitch et al. [25], 2015 (France)",AGENT_UNCONFIRMED,NOT_IDENTIFIED,IDENTIFICATION,PMC_OA_FULLTEXT,25989805,,comparator_ref_pmid,,,,False,,,,,PMC4437042,Table 1.
statins-primary-prevention-elderly,39076238,JATS_TABLE,"Gitsels et al. [26], 2016 (UK)",AGENT_UNCONFIRMED,NOT_IDENTIFIED,IDENTIFICATION,PMC_OA_FULLTEXT,27861639,,comparator_ref_pmid,,,,False,,,,,PMC5115824,Table 1.
statins-primary-prevention-elderly,39076238,JATS_TABLE,No stain used group in QRISK <10% (n = 39866),AGENT_UNCONFIRMED,UNRESOLVED,UNRESOLVED_IDENTITY,,,,,,,,False,,,,,,Table 1.
statins-primary-prevention-elderly,39076238,JATS_TABLE,Stain used group in QRISK <10% (n = 3),AGENT_UNCONFIRMED,UNRESOLVED,UNRESOLVED_IDENTITY,,,,,,,,False,,,,,,Table 1.
statins-primary-prevention-elderly,39076238,JATS_TABLE,No stain used group in QRISK <10% (n = 322),AGENT_UNCONFIRMED,UNRESOLVED,UNRESOLVED_IDENTITY,,,,,,,,False,,,,,,Table 1.
statins-primary-prevention-elderly,39076238,JATS_TABLE,Stain used group in QRISK 10–19% (n = 6438),AGENT_UNCONFIRMED,UNRESOLVED,UNRESOLVED_IDENTITY,,,,,,,,False,,,,,,Table 1.
statins-primary-prevention-elderly,39076238,JATS_TABLE,No stain used group in QRISK 10–19% (n = 116240),AGENT_UNCONFIRMED,UNRESOLVED,UNRESOLVED_IDENTITY,,,,,,,,False,,,,,,Table 1.
statins-primary-prevention-elderly,39076238,JATS_TABLE,Stain used group in QRISK 10–19% (n = 10822),AGENT_UNCONFIRMED,UNRESOLVED,UNRESOLVED_IDENTITY,,,,,,,,False,,,,,,Table 1.
statins-primary-prevention-elderly,39076238,JATS_TABLE,No stain used group in QRISK 10–19% (n = 108703),AGENT_UNCONFIRMED,UNRESOLVED,UNRESOLVED_IDENTITY,,,,,,,,False,,,,,,Table 1.
statins-primary-prevention-elderly,39076238,JATS_TABLE,Stain used group in QRISK 10–19% (n = 661),AGENT_UNCONFIRMED,UNRESOLVED,UNRESOLVED_IDENTITY,,,,,,,,False,,,,,,Table 1.
statins-primary-prevention-elderly,39076238,JATS_TABLE,No stain used group in QRISK 10–19% (n = 13685),AGENT_UNCONFIRMED,UNRESOLVED,UNRESOLVED_IDENTITY,,,,,,,,False,,,,,,Table 1.
statins-primary-prevention-elderly,39076238,JATS_TABLE,Stain used group in QRISK ≥20% (n = 5259),AGENT_UNCONFIRMED,UNRESOLVED,UNRESOLVED_IDENTITY,,,,,,,,False,,,,,,Table 1.
statins-primary-prevention-elderly,39076238,JATS_TABLE,No stain used group in QRISK ≥20% (n = 29170),AGENT_UNCONFIRMED,UNRESOLVED,UNRESOLVED_IDENTITY,,,,,,,,False,,,,,,Table 1.
statins-primary-prevention-elderly,39076238,JATS_TABLE,Stain used group in QRISK ≥20% (n = 25559),AGENT_UNCONFIRMED,UNRESOLVED,UNRESOLVED_IDENTITY,,,,,,,,False,,,,,,Table 1.
statins-primary-prevention-elderly,39076238,JATS_TABLE,No stain used group in QRISK ≥20% (n = 98900),AGENT_UNCONFIRMED,UNRESOLVED,UNRESOLVED_IDENTITY,,,,,,,,False,,,,,,Table 1.
statins-primary-prevention-elderly,39076238,JATS_TABLE,Stain used group in QRISK ≥20% (n = 34743),AGENT_UNCONFIRMED,UNRESOLVED,UNRESOLVED_IDENTITY,,,,,,,,False,,,,,,Table 1.
statins-primary-prevention-elderly,39076238,JATS_TABLE,No stain used group in QRISK ≥20% (n = 142521),AGENT_UNCONFIRMED,UNRESOLVED,UNRESOLVED_IDENTITY,,,,,,,,False,,,,,,Table 1.
statins-primary-prevention-elderly,39076238,JATS_TABLE,"Orkaby et al. [27], 2017 (USA)",AGENT_UNCONFIRMED,NOT_IDENTIFIED,IDENTIFICATION,UNPAYWALL_OA_COPY,28892121,,comparator_ref_pmid,,,,False,,,,,,Table 1.
statins-primary-prevention-elderly,39076238,JATS_TABLE,"Ramos et al. [28], 2018 (Spain)",AGENT_UNCONFIRMED,NOT_IDENTIFIED,IDENTIFICATION,PMC_OA_FULLTEXT,30185425,,comparator_ref_pmid,,,,False,,,,,PMC6123838,Table 1.
statins-primary-prevention-elderly,39076238,JATS_TABLE,"Bezin et al. [29], 2019 (France)",AGENT_UNCONFIRMED,NOT_IDENTIFIED,IDENTIFICATION,UNPAYWALL_OA_COPY,30660573,,comparator_ref_pmid,,,,False,,,,,,Table 1.
statins-primary-prevention-elderly,39076238,JATS_TABLE,"Jun et al. [30], 2019 (South Korea)",AGENT_UNCONFIRMED,NOT_IDENTIFIED,IDENTIFICATION,NONE_OPEN_PROBED,30772771,,comparator_ref_pmid,,,,False,,,,,,Table 1.
statins-primary-prevention-elderly,39076238,JATS_TABLE,"Kim et al. [31], 2019 (South Korea)",AGENT_UNCONFIRMED,NOT_IDENTIFIED,IDENTIFICATION,UNPAYWALL_OA_COPY,30870705,,comparator_ref_pmid,,,,False,,,,,,Table 1.
statins-primary-prevention-elderly,39076238,JATS_TABLE,"Orkaby et al. [32], 2020 (USA)",AGENT_UNCONFIRMED,NOT_IDENTIFIED,IDENTIFICATION,UNPAYWALL_OA_COPY,32633800,,comparator_ref_pmid,,,,False,,,,,,Table 1.
statins-primary-prevention-elderly,39076238,JATS_TABLE,"Rea et al. [33], 2020 (Italy)",AGENT_UNCONFIRMED,NOT_IDENTIFIED,IDENTIFICATION,NONE_OPEN_PROBED,33624076,,comparator_ref_pmid,,,,False,,,,,,Table 1.
statins-primary-prevention-elderly,39076238,JATS_TABLE,"Zhou et al. [34], 2020 (Australia and USA)",AGENT_UNCONFIRMED,NOT_IDENTIFIED,IDENTIFICATION,UNPAYWALL_OA_COPY,32616158,,comparator_ref_pmid,,,,False,,,,,,Table 1.
statins-primary-prevention-elderly,39076238,JATS_TABLE,"Lavie et al. [35], 2021 (Israel)",AGENT_UNCONFIRMED,NOT_IDENTIFIED,IDENTIFICATION,NONE_OPEN_PROBED,33217370,,comparator_ref_pmid,,,,False,,,,,,Table 1.
ticagrelor-vs-clopidogrel-acs,28545073,JATS_TABLE,1 [21],DRUG_MATCH,POOLED,POOLED,,11519503;11786451;12020339;12435254;12796140;12832332;14504252;14517152;14602724;15596563;15603245;16046311;16286166;16339499;16476694;16495286;16551712;17109936;17132052;17261652;17374814;17418288;17637939;17936152;17980251;17982182;18297550;18574088;19267766;19336636;19482214;19717846;19923168;19946242;20031860;20079528;20194878;20502721;20802246;20805430;20832963;21060072;21545948;21685437;21709065;21873419;21890085;2203564;22070834;22090660;22179530;22261200;22546885;22572911;22719022;22809746;22922414;22922416;22980299;22991347;23021325;23137503;23256914;23277305;23323902;23572474;23800556;23866179;23890998;23900047;23996286;24016496;24065443;24170388;24384107;24449597;24561148;24682844;24830710;24952862;24957530;25173339;25227704;25660925;25818495;25935875;26027627;26027629;26089177;26417057;26452988;26810596;26848185;26908625;27160944;27932413;28411246;28761675;29330256;29910052;30427997;30857464;31108273;31554419;31835039;31975352;32809893;33998271;34115329;34195679;35224730;36302586;36565198;37713684;9167458;9673301,NCT00391872;NCT02748330,comparator_ref_pmid,NCT00391872,UNKNOWN,,True,,,,,,Table 1
ticagrelor-vs-clopidogrel-acs,28545073,JATS_TABLE,2 [22],DRUG_MATCH,IDENTIFIED_NOT_POOLED,SCREEN_OR_ELIGIBILITY,NONE_OPEN_PROBED,24154787,,comparator_ref_pmid,SYN-BD4BDBBAF165,UNKNOWN,,False,,,,,,Table 1
ticagrelor-vs-clopidogrel-acs,28545073,JATS_TABLE,3 [23],DRUG_MATCH,IDENTIFIED_NOT_POOLED,SCREEN_OR_ELIGIBILITY,NONE_OPEN_PROBED,24482383,,comparator_ref_pmid,SYN-1CD0FCD3CE0C,UNKNOWN,,False,,,,,,Table 1
ticagrelor-vs-clopidogrel-acs,28545073,JATS_TABLE,4 [1],DRUG_MATCH,SCOPE_MISMATCH,SCOPE_MISMATCH,,19915221;19915222;19923168;22253393;23048167;23473369;23491524;23500251;23768460;23991622;25175921;25660931,NCT01642940;NCT03182855,comparator_ref_pmid,NCT01510171,UNKNOWN,,False,,,,,PMC3714492,Table 1
ticagrelor-vs-clopidogrel-acs,28545073,JATS_TABLE,5 [24],DRUG_MATCH,UNRESOLVED,UNRESOLVED_IDENTITY,,,,,,,,False,,,,,,Table 1
ticagrelor-vs-clopidogrel-acs,28545073,JATS_TABLE,6 [25],DRUG_MATCH,POOLED,POOLED,,11519503;16271642;16403930;19717846;20339920;21873419;22363016;22869857;23041097;23594617;24291273;24768873;25249586;25773268;29544613;29805112;35387483,NCT02587260;NCT03881943,comparator_ref_pmid,NCT00391872,UNKNOWN,,False,,,,,,Table 1
ticagrelor-vs-clopidogrel-acs,28545073,JATS_TABLE,7 [26],DRUG_MATCH,UNRESOLVED,UNRESOLVED_IDENTITY,,,,,,,,False,,,,,,Table 1
ticagrelor-vs-clopidogrel-acs,28545073,JATS_TABLE,8 [27],DRUG_MATCH,DECLARED_ABSENT,ACQUISITION,UNPAYWALL_OA_COPY,17980250,,comparator_ref_pmid,SYN-83A9603C449D,UNKNOWN,OUTCOME_NOT_IN_SOURCE,False,,,,,,Table 1
ticagrelor-vs-clopidogrel-acs,28545073,JATS_TABLE,9 [28],DRUG_MATCH,POOLED,POOLED,,10716477;10892758;10987591;11190460;11519503;11786451;12020339;12135124;12407803;12435254;12520560;12796140;12832332;12868353;14504252;14517152;14602724;15184279;15497198;15596563;15603245;15738352;1579757;16046311;16260639;16271642;16286166;16339499;16376782;16403930;16464911;16476694;16495286;16551712;16908490;16980115;17109936;17132052;17261652;17374814;17418288;17637939;17936152;17980251;17982163;17982182;18036459;18297550;18574088;19001473;19106084;19174428;19267766;19324253;19336636;19349321;19482214;19706858;19717846;19761935;19923168;19946242;20031860;20079528;20083681;20093258;20194878;20339920;20359842;20502721;20801494;20801498;20802246;20805430;20826260;20832963;20978260;21060072;21256284;21545948;21670242;21685437;21709065;21873419;21890085;21935715;2203564;22064593;22070834;22090660;22179530;22261200;22315274;22315278;22546885;22572911;22719022;22809746;22922414;22922416;22980299;22991347;22995877;23021325;23041097;23137503;23256914;23277305;23323902;23572474;23623906;23800556;23866179;23890998;23900047;23996286;24016496;24065443;24170388;24291273;24291279;24384107;24438712;24449597;24561148;24682844;24768873;24830710;24952862;24957530;25154978;25173339;25227704;25249586;25660925;25773268;25818495;25910501;25935875;26027627;26027629;26089177;26290421;26417057;26452988;26498666;26794722;26810596;26848185;26908625;27160944;27296200;27554803;27869901;27932413;28411246;28761675;29094604;29330256;29540324;29622168;29654204;29748219;29910052;29930021;30127210;30166073;30328801;30354590;30427997;30857464;30981574;31108273;31422088;31554419;31835039;31975352;32065586;32809893;33998271;34098740;34115329;34195679;34396175;34816730;35033577;35144742;35171913;35224730;35387483;36302586;36565198;37713684;38156592;39447717;6518769;8210831;9167458;9673301,NCT00391872;NCT01812330;NCT02241291;NCT02513004;NCT02748330;NCT03289728;NCT03347435;NCT03881943;NCT04937699,comparator_ref_pmid,NCT00391872,UNKNOWN,,True,,,,,,Table 1
ticagrelor-vs-clopidogrel-acs,28545073,JATS_TABLE,10 [29],DRUG_MATCH,UNRESOLVED,UNRESOLVED_IDENTITY,,,,,,,,False,,,,,,Table 1
ticagrelor-vs-clopidogrel-acs,28545073,JATS_TABLE,11 [30],DRUG_MATCH,UNRESOLVED,UNRESOLVED_IDENTITY,,,,,,,,False,,,,,,Table 1
ticagrelor-vs-clopidogrel-acs,28545073,JATS_TABLE,12 [31],DRUG_MATCH,IDENTIFIED_NOT_POOLED,SCREEN_OR_ELIGIBILITY,NONE_OPEN_PROBED,25085573,,comparator_ref_pmid,SYN-AE6BE251A5F6,UNKNOWN,,False,,,,,,Table 1
ticagrelor-vs-clopidogrel-acs,28545073,JATS_TABLE,13 [32],DRUG_MATCH,SCOPE_MISMATCH,SCOPE_MISMATCH,,19915221;19915222;19923168;22253393;23048167;23473369;23491524;23500251;23768460;23991622;25175921;25660931,NCT01510171;NCT03182855,comparator_ref_pmid,NCT01510171,UNKNOWN,,False,,,,,PMC3714492,Table 1
ticagrelor-vs-clopidogrel-acs,28545073,JATS_TABLE,14 [33],DRUG_MATCH,IDENTIFIED_NOT_POOLED,SCREEN_OR_ELIGIBILITY,UNPAYWALL_OA_COPY,24333493,,comparator_ref_pmid,SYN-3FB275EE9EFD,UNKNOWN,,False,,,,,,Table 1
ticagrelor-vs-clopidogrel-acs,28545073,JATS_TABLE,15 [34],DRUG_MATCH,SCOPE_MISMATCH,SCOPE_MISMATCH,,23169985,NCT01463163,comparator_ref_pmid,NCT01463163,UNKNOWN,,False,,,,,,Table 1
ticagrelor-vs-clopidogrel-acs,28545073,JATS_TABLE,16 [35],DRUG_MATCH,POOLED,POOLED,,11519503;11786451;12020339;12435254;12796140;12832332;14504252;14517152;14602724;15596563;15603245;15738352;16046311;16286166;16339499;16476694;16495286;16551712;17109936;17132052;17261652;17374814;17418288;17936152;17980251;17982182;18297550;18574088;19174428;19267766;19336636;19349321;19482214;19717846;19915221;19915222;19923168;19946242;20031860;20079528;20194878;20502721;20620737;20802246;20832963;21079055;21256284;21545948;21873419;21890085;2203564;22070834;22212857;22253393;22315274;22315278;22795280;22809746;22922414;22922416;23048167;23256914;23323902;23473369;23491524;23500251;23623906;23768460;23890998;23991622;23996286;24065443;24384107;24449597;25154978;25173339;25175921;25660931;26498666;27554803;29094604;29622168;29930021;30127210;30166073;9167458;9673301,NCT00528411;NCT02513004;NCT02748330;NCT03182855;NCT04937699,comparator_ref_pmid,NCT00391872,UNKNOWN,,True,,,,,PMC3714492,Table 1
ticagrelor-vs-clopidogrel-acs,28545073,JATS_TABLE,17 [36],DRUG_MATCH,IDENTIFIED_NOT_POOLED,SCREEN_OR_ELIGIBILITY,NONE_OPEN_PROBED,24820749,,comparator_ref_pmid,SYN-1071AC51560A,UNKNOWN,,False,,,,,,Table 1
ticagrelor-vs-clopidogrel-acs,28545073,JATS_TABLE,18 [37],DRUG_MATCH,SCOPE_MISMATCH,SCOPE_MISMATCH,,22789884,NCT01360437,comparator_ref_pmid,NCT01360437,UNKNOWN,,False,,,,,,Table 1
ticagrelor-vs-clopidogrel-acs,28545073,JATS_TABLE,19 [38],AGENT_UNCONFIRMED,IDENTIFIED_NOT_POOLED,SCREEN_OR_ELIGIBILITY,UNPAYWALL_OA_COPY,26440227,,comparator_ref_pmid,SYN-43212C16A8F0,UNKNOWN,,False,,,,,,Table 1
ticagrelor-vs-clopidogrel-acs,28545073,JATS_TABLE,20 [39],DRUG_MATCH,UNRESOLVED,UNRESOLVED_IDENTITY,,,,,,,,False,,,,,,Table 1
ticagrelor-vs-clopidogrel-acs,28545073,JATS_TABLE,21 [40],DRUG_MATCH,UNRESOLVED,UNRESOLVED_IDENTITY,,,,,,,,False,,,,,,Table 1
ticagrelor-vs-clopidogrel-acs,28545073,JATS_TABLE,22 [41],DRUG_MATCH,UNRESOLVED,UNRESOLVED_IDENTITY,,,,,,,,False,,,,,,Table 1
tocilizumab-covid19-mortality,34228774,REFERENCE_SEED,Effect of Tocilizumab vs Usual Care in Adults Hospitalized With COVID-19 and Moderate or Severe Pneumonia: A Randomized Clinical Trial.,DRUG_MATCH,DECLARED_ABSENT,ACQUISITION,PMC_OA_FULLTEXT,33080017;33201228;34028504;35115337;38077399;41574613,NCT04331808,comparator_ref_pmid,NCT04331808,UNKNOWN,OUTCOME_NOT_IN_SOURCE,True,,,,,PMC8819469;PMC10703045;PMC12892917,reference_seed
tocilizumab-covid19-mortality,34228774,REFERENCE_SEED,"Tocilizumab in patients admitted to hospital with COVID-19 (RECOVERY): a randomised, controlled, open-label, platform trial.",DRUG_MATCH,POOLED,POOLED,,32678530;33031652;33031764;33394942;33545096;33933206;34000257;34013969;34473343;34658014;34672950;34800427;35151397;35695334;35713300;35908569;36522698;36734509;37060915;37162745;37489818;37865101;38272046;38296965;38951929;40036152;40383127;40886716,NCT04381936,comparator_ref_pmid,NCT04381936,UNKNOWN,,False,,,,,PMC7383595;PMC7556338;PMC7535623;PMC7884931;PMC8084355;PMC8121538;PMC8523117;PMC8598213;PMC8830904;PMC9333998;PMC9753019;PMC10156147;PMC10957483;PMC10831058;PMC11218071;PMC11872607;PMC7618993;PMC7618994,reference_seed
tocilizumab-covid19-mortality,34228774,REFERENCE_SEED,Effect of tocilizumab on clinical outcomes at 15 days in patients with severe or critical coronavirus disease 2019: randomised controlled trial.,DRUG_MATCH,DECLARED_ABSENT,ACQUISITION,PMC_OA_FULLTEXT,33472855,NCT04403685,comparator_ref_pmid,NCT04403685,INELIGIBLE,OUTCOME_NOT_IN_SOURCE,False,,,,,PMC7815251,reference_seed
tocilizumab-covid19-mortality,34228774,REFERENCE_SEED,Tocilizumab plus standard care versus standard care in patients in India with moderate to severe COVID-19-associated cytokine release syndrome (COVINTOC): an op,DRUG_MATCH,NOT_IDENTIFIED,IDENTIFICATION,PMC_OA_FULLTEXT,33676589,,comparator_ref_pmid,,,,False,,,,,PMC8078880,reference_seed
tocilizumab-covid19-mortality,34228774,REFERENCE_SEED,Efficacy of Tocilizumab in Patients Hospitalized with Covid-19.,DRUG_MATCH,DECLARED_ABSENT,ACQUISITION,PMC_OA_FULLTEXT,33085857,NCT04356937,comparator_ref_pmid,NCT04356937,UNKNOWN,OUTCOME_NOT_IN_SOURCE,True,,,,,PMC7646626,reference_seed
tocilizumab-covid19-mortality,34228774,REFERENCE_SEED,Tocilizumab in Hospitalized Patients with Severe Covid-19 Pneumonia.,DRUG_MATCH,DECLARED_ABSENT,ACQUISITION,PMC_OA_FULLTEXT,33631066;34612846;35475258,NCT04320615,comparator_ref_pmid,NCT04320615,ELIGIBLE,OUTCOME_NOT_IN_SOURCE,True,,,,,PMC8855771;PMC9022847,reference_seed
tocilizumab-covid19-mortality,34228774,REFERENCE_SEED,Tocilizumab in Patients Hospitalized with Covid-19 Pneumonia.,DRUG_MATCH,DECLARED_ABSENT,ACQUISITION,PMC_OA_FULLTEXT,22870441;24515444;30774444;31073924;32043983;32143990;32346093;32534337;32612617;32678530;33201228;33231615;33332779;33649297;34373622;34632567,NCT04372186;NCT05226754,comparator_ref_pmid,NCT04372186,ELIGIBLE,OUTCOME_NOT_IN_SOURCE,True,,,,,PMC6362962;PMC6509099;PMC7134694;PMC7126544;PMC7187672;PMC7263256;PMC7308649;PMC7383595;PMC7684031;PMC7781101;PMC7919254;PMC8351223,reference_seed
tranexamic-acid-pph,39461793,JATS_TABLE,WOMAN1,DRUG_MATCH,POOLED,POOLED,,20554319;21951473;23477634;24047059;24090728;25414987;25571934;25681402;26079202;26118386;26226243;26698831;26952346;27033428;27188698;27558956;28317031;28413832;28456509;29215478;29743045;29879947;30466669;30885778;30926155;31294373;31362007;32492040,NCT00872469;NCT03166839;NCT03326596;NCT04559880,comparator_ref_pmid,NCT00375258,UNKNOWN,,False,,,,,,Table 1:
tranexamic-acid-pph,39461793,JATS_TABLE,WOMAN-210,DRUG_MATCH,IDENTIFIED_NOT_POOLED,SCREEN_OR_ELIGIBILITY,PMC_OA_FULLTEXT,30594227;35303924;37664793;39162220;39461792,NCT03475342,comparator_ref_pmid,NCT03475342,UNKNOWN,,False,,,,,PMC6311062;PMC8932334;PMC10471795,Table 1:
tranexamic-acid-pph,39461793,JATS_TABLE,TRAAP11,DRUG_MATCH,IDENTIFIED_NOT_POOLED,SCREEN_OR_ELIGIBILITY,NONE_OPEN_PROBED,30134136,NCT02302456,comparator_ref_pmid,NCT02302456,ELIGIBLE,,False,,,,,,Table 1:
tranexamic-acid-pph,39461793,JATS_TABLE,TRAAP-212,DRUG_MATCH,IDENTIFIED_NOT_POOLED,SCREEN_OR_ELIGIBILITY,PMC_OA_FULLTEXT,32005192;33913639;37690946,NCT03431805,comparator_ref_pmid,NCT03431805,UNKNOWN,,False,,,,,PMC6995226,Table 1:
tranexamic-acid-pph,39461793,JATS_TABLE,TXA-MFMU13,DRUG_MATCH,IDENTIFIED_NOT_POOLED,SCREEN_OR_ELIGIBILITY,UNPAYWALL_OA_COPY,37043652,NCT03364491,comparator_ref_pmid,NCT03364491,UNKNOWN,,True,,,,,,Table 1:
